"District","Thana","EIIN","College Name","Shift","Version","Group Name","Gender","Min GPA","Own GPA","Available Seat"
"Bandarban","Alikadam","138430","ALIKADAM CANTONMENT PUBLIC SCHOOL AND COLLEGE","Day","Bangla","Business Studies","Co-Edu","3.11","2.06","100"
"Bandarban","Alikadam","138430","ALIKADAM CANTONMENT PUBLIC SCHOOL AND COLLEGE","Day","Bangla","Science","Co-Edu","3.22","3.22","100"
"Bandarban","Alikadam","138430","ALIKADAM CANTONMENT PUBLIC SCHOOL AND COLLEGE","Day","Bangla","Humanities","Co-Edu","1.72","1.72","180"
"Bandarban","Bandarban Sadar","133211","Bandarban Cantonment Public School And College","Day","Bangla","Science","Co-Edu","4.00","4.00","240"
"Bandarban","Bandarban Sadar","133211","Bandarban Cantonment Public School And College","Day","Bangla","Humanities","Co-Edu","2.75","2.75","120"
"Bandarban","Bandarban Sadar","133211","Bandarban Cantonment Public School And College","Day","Bangla","Business Studies","Co-Edu","3.00","3.00","120"
"Bandarban","Bandarban Sadar","134609","Bandarban Collectorate School And College","Day","Bangla","Science","Co-Edu","3.00","2.50","100"
"Bandarban","Bandarban Sadar","134609","Bandarban Collectorate School And College","Day","Bangla","Humanities","Co-Edu","2.50","2.00","150"
"Bandarban","Bandarban Sadar","134609","Bandarban Collectorate School And College","Day","Bangla","Business Studies","Co-Edu","2.75","2.00","100"
"Bandarban","Bandarban Sadar","103107","Bandarban Govt. College","Day","Bangla","Science","Co-Edu","3.50","0.00","280"
"Bandarban","Bandarban Sadar","103107","Bandarban Govt. College","Day","Bangla","Humanities","Co-Edu","2.75","0.00","600"
"Bandarban","Bandarban Sadar","103107","Bandarban Govt. College","Day","Bangla","Business Studies","Co-Edu","3.00","0.00","360"
"Bandarban","Bandarban Sadar","131933","Bandarban Govt. Mohila College","Day","Bangla","Business Studies","Female","2.25","0.00","200"
"Bandarban","Bandarban Sadar","131933","Bandarban Govt. Mohila College","Day","Bangla","Humanities","Female","2.25","0.00","320"
"Bandarban","Bandarban Sadar","131933","Bandarban Govt. Mohila College","Day","Bangla","Science","Female","3.00","0.00","150"
"Bandarban","Lama","103109","Chambi High School And College","Day","Bangla","Humanities","Co-Edu","1.00","1.00","150"
"Bandarban","Lama","103109","Chambi High School And College","Day","Bangla","Business Studies","Co-Edu","1.00","1.00","100"
"Bandarban","Lama","138016","Hefazatur Rahman College","Day","Bangla","Business Studies","Co-Edu","1.00","0.00","100"
"Bandarban","Lama","138016","Hefazatur Rahman College","Day","Bangla","Humanities","Co-Edu","1.00","0.00","100"
"Bandarban","Lama","103125","Matamuhuri College","Day","Bangla","Business Studies","Co-Edu","2.00","0.00","300"
"Bandarban","Lama","103125","Matamuhuri College","Day","Bangla","Science","Co-Edu","2.50","0.00","100"
"Bandarban","Lama","103125","Matamuhuri College","Day","Bangla","Humanities","Co-Edu","2.00","0.00","600"
"Bandarban","Lama","138013","Quantum Cosmo College","Day","Bangla","Business Studies","Co-Edu","2.50","0.00","100"
"Bandarban","Lama","138013","Quantum Cosmo College","Day","Bangla","Humanities","Co-Edu","2.00","0.00","100"
"Bandarban","Lama","138013","Quantum Cosmo College","Day","Bangla","Science","Co-Edu","4.00","0.00","100"
"Bandarban","Naikhongchhari","103129","BAISHARI HIGH SCHOOL AND COLLEGE","Day","Bangla","Humanities","Co-Edu","1.00","1.00","150"
"Bandarban","Naikhongchhari","103129","BAISHARI HIGH SCHOOL AND COLLEGE","Day","Bangla","Business Studies","Co-Edu","1.00","1.00","100"
"Bandarban","Naikhongchhari","103129","BAISHARI HIGH SCHOOL AND COLLEGE","Day","Bangla","Science","Co-Edu","1.00","1.00","50"
"Bandarban","Naikhongchhari","103136","Hazi M. A. Kalam College","Day","Bangla","Humanities","Co-Edu","1.00","0.00","450"
"Bandarban","Naikhongchhari","103136","Hazi M. A. Kalam College","Day","Bangla","Science","Co-Edu","3.00","0.00","50"
"Bandarban","Naikhongchhari","103136","Hazi M. A. Kalam College","Day","Bangla","Business Studies","Co-Edu","2.00","0.00","150"
"Bandarban","Rowangchhari","138805","Rowangchari College","Day","Bangla","Business Studies","Co-Edu","1.00","0.00","100"
"","","","","","","","","","",""
"Bandarban","Rowangchhari","138805","Rowangchari College","Day","Bangla","Humanities","Co-Edu","1.00","0.00","180"
"Bandarban","Ruma","138065","Ruma Sangu College","Day","Bangla","Business Studies","Co-Edu","1.00","0.00","75"
"Bandarban","Ruma","138065","Ruma Sangu College","Day","Bangla","Humanities","Co-Edu","1.00","0.00","220"
"Bandarban","Thanchi","138599","Thanchi College","Day","Bangla","Humanities","Co-Edu","1.00","0.00","180"
"Bandarban","Thanchi","138599","Thanchi College","Day","Bangla","Business Studies","Co-Edu","1.00","0.00","100"
"Chattogram","Akbarshah","104671","Kattali City Corp. Girls  High School And College","Day","Bangla","Humanities","Female","1.50","1.00","100"
"Chattogram","Akbarshah","104671","Kattali City Corp. Girls  High School And College","Day","Bangla","Business Studies","Female","1.50","1.00","100"
"Chattogram","Akbarshah","104688","North Kattaly Al-Haz Mustafa Hakim College","Day","Bangla","Science","Co-Edu","3.50","0.00","320"
"Chattogram","Akbarshah","104688","North Kattaly Al-Haz Mustafa Hakim College","Day","Bangla","Business Studies","Co-Edu","3.00","0.00","950"
"Chattogram","Akbarshah","104688","North Kattaly Al-Haz Mustafa Hakim College","Day","Bangla","Humanities","Co-Edu","2.75","0.00","500"
"Chattogram","Anowara","104038","Anowara College","Day","Bangla","Humanities","Co-Edu","3.00","0.00","650"
"Chattogram","Anowara","104038","Anowara College","Day","Bangla","Science","Co-Edu","3.00","0.00","150"
"Chattogram","Anowara","104038","Anowara College","Day","Bangla","Business Studies","Co-Edu","3.00","0.00","625"
"Chattogram","Anowara","104487","Chittagong Urea Fertilizer College","Day","Bangla","Science","Co-Edu","4.50","4.00","70"
"Chattogram","Anowara","104487","Chittagong Urea Fertilizer College","Day","Bangla","Business Studies","Co-Edu","4.00","3.50","50"
"Chattogram","Anowara","104470","Marine Academy School And College","Day","Bangla","Humanities","Co-Edu","2.50","2.00","150"
"Chattogram","Anowara","104470","Marine Academy School And College","Day","Bangla","Science","Co-Edu","3.00","2.50","100"
"Chattogram","Anowara","104470","Marine Academy School And College","Day","Bangla","Business Studies","Co-Edu","2.50","2.00","150"
"Chattogram","Anowara","104037","Shah Mohsen Aulia College","Day","Bangla","Humanities","Co-Edu","2.00","0.00","480"
"Chattogram","Anowara","104037","Shah Mohsen Aulia College","Day","Bangla","Science","Co-Edu","2.00","0.00","150"
"Chattogram","Anowara","104037","Shah Mohsen Aulia College","Day","Bangla","Business Studies","Co-Edu","2.00","0.00","380"
"Chattogram","Bakalia","134595","Bakalia Govt. College","Day","Bangla","Science","Co-Edu","5.00","0.00","450"
"Chattogram","Bakalia","134595","Bakalia Govt. College","Day","Bangla","Business Studies","Co-Edu","4.00","0.00","525"
"Chattogram","Bakalia","134595","Bakalia Govt. College","Day","Bangla","Humanities","Co-Edu","3.00","0.00","450"
"Chattogram","Bakalia","104236","Bakalia Shaheed N. M. M. J. College","Day","Bangla","Business Studies","Co-Edu","2.50","0.00","300"
"Chattogram","Bakalia","104236","Bakalia Shaheed N. M. M. J. College","Day","Bangla","Humanities","Co-Edu","2.00","0.00","300"
"Chattogram","Bakalia","104236","Bakalia Shaheed N. M. M. J. College","Day","Bangla","Science","Co-Edu","3.00","0.00","100"
"Chattogram","Bakalia","131898","Diloara Jahan Memorial College","Day","Bangla","Business Studies","Co-Edu","2.00","2.00","320"
"Chattogram","Bakalia","131898","Diloara Jahan Memorial College","Day","Bangla","Science","Co-Edu","3.00","2.50","300"
"Chattogram","Bakalia","131898","Diloara Jahan Memorial College","Day","Bangla","Humanities","Co-Edu","2.00","2.00","300"
"Chattogram","Bakalia","104212","Purba Bakolia City Corporation Girls High School And College","Day","Bangla","Business Studies","Female","2.00","1.00","150"
"Chattogram","Bakalia","104212","Purba Bakolia City Corporation Girls High School And College","Day","Bangla","Humanities","Female","2.00","1.00","150"
"Chattogram","Bakalia","104212","Purba Bakolia City Corporation Girls High School And College","Day","Bangla","Science","Female","3.00","2.00","50"
"Chattogram","Banshkhali","104102","Alaol Degree College","Day","Bangla","Humanities","Co-Edu","3.00","0.00","550"
"Chattogram","Banshkhali","104102","Alaol Degree College","Day","Bangla","Business Studies","Co-Edu","3.00","0.00","300"
"Chattogram","Banshkhali","104102","Alaol Degree College","Day","Bangla","Science","Co-Edu","3.00","0.00","100"
"Chattogram","Banshkhali","131885","Banshkhali Degree College","Day","Bangla","Science","Co-Edu","3.00","0.00","100"
"Chattogram","Banshkhali","131885","Banshkhali Degree College","Day","Bangla","Humanities","Co-Edu","2.00","0.00","600"
"Chattogram","Banshkhali","131885","Banshkhali Degree College","Day","Bangla","Business Studies","Co-Edu","2.00","0.00","380"
"Chattogram","Banshkhali","135371","Banskhali Girls College","Day","Bangla","Science","Female","1.00","0.00","80"
"Chattogram","Banshkhali","135371","Banskhali Girls College","Day","Bangla","Humanities","Female","1.00","0.00","450"
"Chattogram","Banshkhali","135371","Banskhali Girls College","Day","Bangla","Business Studies","Female","1.00","0.00","200"
"Chattogram","Banshkhali","104067","Hajigaon Barumchara School And College","Day","Bangla","Humanities","Co-Edu","1.00","0.00","180"
"Chattogram","Banshkhali","104067","Hajigaon Barumchara School And College","Day","Bangla","Business Studies","Co-Edu","1.00","0.00","100"
"Chattogram","Banshkhali","131852","Master Nazir Ahmed College","Day","Bangla","Business Studies","Co-Edu","3.00","0.00","150"
"Chattogram","Banshkhali","131852","Master Nazir Ahmed College","Day","Bangla","Humanities","Co-Edu","3.00","0.00","350"
"Chattogram","Banshkhali","131852","Master Nazir Ahmed College","Day","Bangla","Science","Co-Edu","3.00","0.00","150"
"Chattogram","Banshkhali","104065","PASCHIM BANSKHALI HIGH SCHOOL AND COLLEGE","Day","Bangla","Humanities","Co-Edu","1.00","1.00","150"
"Chattogram","Banshkhali","104065","PASCHIM BANSKHALI HIGH SCHOOL AND COLLEGE","Day","Bangla","Science","Co-Edu","2.00","2.00","80"
"Chattogram","Banshkhali","104065","PASCHIM BANSKHALI HIGH SCHOOL AND COLLEGE","Day","Bangla","Business Studies","Co-Edu","1.00","1.00","100"
"Chattogram","Banshkhali","104103","West Banshkhali Coastal College","Day","Bangla","Science","Co-Edu","1.00","0.00","50"
"Chattogram","Banshkhali","104103","West Banshkhali Coastal College","Day","Bangla","Business Studies","Co-Edu","1.00","0.00","180"
"Chattogram","Banshkhali","104103","West Banshkhali Coastal College","Day","Bangla","Humanities","Co-Edu","1.00","0.00","450"
"Chattogram","Bayejid Bostami","104709","Ashekane Aulia College","Day","Bangla","Humanities","Co-Edu","2.50","0.00","300"
"Chattogram","Bayejid Bostami","104709","Ashekane Aulia College","Day","Bangla","Science","Co-Edu","3.00","0.00","100"
"Chattogram","Bayejid Bostami","104709","Ashekane Aulia College","Day","Bangla","Business Studies","Co-Edu","2.50","0.00","250"
"Chattogram","Bayejid Bostami","134133","Cantonment English School And College","Day","English","Business Studies","Co-Edu","4.22","3.61","85"
"Chattogram","Bayejid Bostami","134133","Cantonment English School And College","Day","English","Science","Co-Edu","4.89","3.61","285"
"Chattogram","Bayejid Bostami","104051","Chattogram Cantonment Public College","Day","Bangla","Science","Co-Edu","5.00","4.50","600"
"Chattogram","Bayejid Bostami","104051","Chattogram Cantonment Public College","Day","Bangla","Business Studies","Co-Edu","4.00","3.50","200"
"Chattogram","Bayejid Bostami","104051","Chattogram Cantonment Public College","Day","English","Science","Co-Edu","5.00","4.50","200"
"Chattogram","Bayejid Bostami","104051","Chattogram Cantonment Public College","Day","English","Business Studies","Co-Edu","4.00","3.50","75"
"Chattogram","Bayejid Bostami","104051","Chattogram Cantonment Public College","Day","Bangla","Humanities","Co-Edu","3.00","2.94","160"
"Chattogram","Bayejid Bostami","136972","Kulgaon City Corporation College","Day","Bangla","Humanities","Co-Edu","2.00","0.00","400"
"Chattogram","Bayejid Bostami","136972","Kulgaon City Corporation College","Day","Bangla","Business Studies","Co-Edu","3.00","0.00","525"
"Chattogram","Bayejid Bostami","136972","Kulgaon City Corporation College","Day","Bangla","Science","Co-Edu","3.50","0.00","300"
"Chattogram","Bayejid Bostami","134776","Panchlaish S. M. Nasir Uddin City Corporation Mohila College","Day","Bangla","Humanities","Female","2.00","0.00","250"
"Chattogram","Bayejid Bostami","134776","Panchlaish S. M. Nasir Uddin City Corporation Mohila College","Day","Bangla","Business Studies","Female","2.00","0.00","200"
"Chattogram","Bayejid Bostami","134776","Panchlaish S. M. Nasir Uddin City Corporation Mohila College","Day","Bangla","Science","Female","2.50","0.00","150"
"Chattogram","Bhujpur","104310","Bhuzpur National High School And College","Day","Bangla","Business Studies","Co-Edu","1.00","1.00","200"
"Chattogram","Bhujpur","104310","Bhuzpur National High School And College","Day","Bangla","Humanities","Co-Edu","1.00","1.00","190"
"Chattogram","Bhujpur","104393","Heako Banani College","Day","Bangla","Humanities","Co-Edu","1.00","0.00","300"
"Chattogram","Bhujpur","104393","Heako Banani College","Day","Bangla","Science","Co-Edu","2.00","0.00","100"
"Chattogram","Bhujpur","104393","Heako Banani College","Day","Bangla","Business Studies","Co-Edu","1.00","0.00","200"
"Chattogram","Bhujpur","104391","Narayanhat Adarsha College","Day","Bangla","Humanities","Co-Edu","2.00","0.00","250"
"Chattogram","Bhujpur","104391","Narayanhat Adarsha College","Day","Bangla","Science","Co-Edu","3.00","0.00","75"
"Chattogram","Bhujpur","104391","Narayanhat Adarsha College","Day","Bangla","Business Studies","Co-Edu","2.00","0.00","150"
"Chattogram","Boalkhali","104153","Boalkhali Hazi Md. Nurul Hoque Degree College","Day","Bangla","Humanities","Co-Edu","1.00","0.00","250"
"Chattogram","Boalkhali","104153","Boalkhali Hazi Md. Nurul Hoque Degree College","Day","Bangla","Science","Co-Edu","1.00","0.00","50"
"Chattogram","Boalkhali","104153","Boalkhali Hazi Md. Nurul Hoque Degree College","Day","Bangla","Business Studies","Co-Edu","1.00","0.00","250"
"Chattogram","Boalkhali","104155","Boalkhali Sirajul Islam Degree College","Day","Bangla","Science","Co-Edu","2.50","0.00","150"
"Chattogram","Boalkhali","104155","Boalkhali Sirajul Islam Degree College","Day","Bangla","Business Studies","Co-Edu","2.50","0.00","460"
"Chattogram","Boalkhali","104155","Boalkhali Sirajul Islam Degree College","Day","Bangla","Humanities","Co-Edu","2.50","0.00","400"
"Chattogram","Boalkhali","104154","Kadhurkhil Jalil Ambia College","Day","Bangla","Business Studies","Co-Edu","1.00","0.00","150"
"Chattogram","Boalkhali","104154","Kadhurkhil Jalil Ambia College","Day","Bangla","Science","Co-Edu","1.00","0.00","50"
"Chattogram","Boalkhali","104154","Kadhurkhil Jalil Ambia College","Day","Bangla","Humanities","Co-Edu","1.00","0.00","250"
"Chattogram","Boalkhali","104152","Sir Ashutosh Govt. College","Day","Bangla","Science","Co-Edu","4.00","0.00","350"
"Chattogram","Boalkhali","104152","Sir Ashutosh Govt. College","Day","Bangla","Humanities","Co-Edu","3.50","0.00","500"
"Chattogram","Boalkhali","104152","Sir Ashutosh Govt. College","Day","Bangla","Business Studies","Co-Edu","3.50","0.00","500"
"Chattogram","Chandanaish","104201","Amanatsafa Badrunnesa Girls  College","Day","Bangla","Humanities","Female","1.00","0.00","385"
"Chattogram","Chandanaish","104201","Amanatsafa Badrunnesa Girls  College","Day","Bangla","Science","Female","1.00","0.00","100"
"Chattogram","Chandanaish","104201","Amanatsafa Badrunnesa Girls  College","Day","Bangla","Business Studies","Female","1.00","0.00","250"
"Chattogram","Chandanaish","104199","Barama College","Day","Bangla","Business Studies","Co-Edu","1.00","0.00","350"
"Chattogram","Chandanaish","104199","Barama College","Day","Bangla","Humanities","Co-Edu","1.00","0.00","500"
"Chattogram","Chandanaish","104199","Barama College","Day","Bangla","Science","Co-Edu","1.00","0.00","100"
"Chattogram","Chandanaish","104204","Begum Gul Chemonara Academy (School And College)","Day","Bangla","Humanities","Co-Edu","2.00","2.00","250"
"Chattogram","Chandanaish","104204","Begum Gul Chemonara Academy (School And College)","Day","Bangla","Business Studies","Co-Edu","2.50","2.50","300"
"Chattogram","Chandanaish","104204","Begum Gul Chemonara Academy (School And College)","Day","Bangla","Science","Co-Edu","3.00","3.00","125"
"Chattogram","Chandanaish","104160","Diakul Sanoara Adarsha High School And College","Day","Bangla","Business Studies","Co-Edu","2.00","1.00","100"
"Chattogram","Chandanaish","104160","Diakul Sanoara Adarsha High School And College","Day","Bangla","Humanities","Co-Edu","2.00","1.00","120"
"Chattogram","Chandanaish","104179","GACHBARIA MAMTAJ BEGUM SCHOOL & COLLEGE","Day","Bangla","Science","Co-Edu","2.00","2.00","60"
"Chattogram","Chandanaish","104179","GACHBARIA MAMTAJ BEGUM SCHOOL & COLLEGE","Day","Bangla","Business Studies","Co-Edu","1.00","1.00","100"
"Chattogram","Chandanaish","104179","GACHBARIA MAMTAJ BEGUM SCHOOL & COLLEGE","Day","Bangla","Humanities","Co-Edu","1.00","1.00","120"
"Chattogram","Chandanaish","104200","Gachhbaria Govt. College","Day","Bangla","Humanities","Co-Edu","3.00","0.00","480"
"Chattogram","Chandanaish","104200","Gachhbaria Govt. College","Day","Bangla","Business Studies","Co-Edu","3.50","0.00","480"
"Chattogram","Chandanaish","104200","Gachhbaria Govt. College","Day","Bangla","Science","Co-Edu","4.00","0.00","300"
"Chattogram","Chandanaish","104202","Satbaria Oli Ahmed Bir Bikram College","Day","Bangla","Science","Co-Edu","1.00","0.00","50"
"Chattogram","Chandanaish","104202","Satbaria Oli Ahmed Bir Bikram College","Day","Bangla","Humanities","Co-Edu","1.00","0.00","100"
"Chattogram","Chandanaish","104202","Satbaria Oli Ahmed Bir Bikram College","Day","Bangla","Business Studies","Co-Edu","1.00","0.00","100"
"Chattogram","Chandgaon","134147","CDA Public School And College","Day","Bangla","Science","Co-Edu","4.50","4.25","180"
"Chattogram","Chandgaon","134147","CDA Public School And College","Day","Bangla","Business Studies","Co-Edu","3.00","3.00","180"
"Chattogram","Chandgaon","134147","CDA Public School And College","Day","Bangla","Humanities","Co-Edu","2.00","2.00","180"
"Chattogram","Chandgaon","104237","Hazera-Taju Degree College","Day","Bangla","Science","Co-Edu","4.50","0.00","999"
"Chattogram","Chandgaon","104237","Hazera-Taju Degree College","Day","Bangla","Humanities","Co-Edu","3.00","0.00","350"
"Chattogram","Chandgaon","104237","Hazera-Taju Degree College","Day","Bangla","Business Studies","Co-Edu","3.75","0.00","500"
"Chattogram","Chandgaon","134013","Merit Bangladesh College","Day","Bangla","Business Studies","Co-Edu","1.00","0.00","100"
"Chattogram","Chandgaon","134013","Merit Bangladesh College","Day","Bangla","Humanities","Co-Edu","1.00","0.00","100"
"Chattogram","Chandgaon","134013","Merit Bangladesh College","Day","Bangla","Science","Co-Edu","2.00","0.00","50"
"Chattogram","Chandgaon","104105","Mern Sun College","Day","Bangla","Business Studies","Co-Edu","1.00","0.00","100"
"Chattogram","Chandgaon","104105","Mern Sun College","Day","Bangla","Science","Co-Edu","2.00","0.00","50"
"Chattogram","Chandgaon","104217","Mohara Sayra Khatun Quaderya Girls High School And College","Day","Bangla","Business Studies","Female","2.50","2.00","100"
"Chattogram","Chandgaon","104217","Mohara Sayra Khatun Quaderya Girls High School And College","Day","Bangla","Humanities","Female","2.50","2.00","100"
"Chattogram","Chandgaon","134779","National Public College","Day","Bangla","Science","Co-Edu","2.00","0.00","50"
"Chattogram","Chandgaon","134779","National Public College","Day","Bangla","Humanities","Co-Edu","1.00","0.00","100"
"Chattogram","Chandgaon","134779","National Public College","Day","Bangla","Business Studies","Co-Edu","1.00","0.00","100"
"Chattogram","Chandgaon","134196","Safa Motaleb College","Day","Bangla","Humanities","Co-Edu","1.00","0.00","180"
"Chattogram","Chandgaon","134196","Safa Motaleb College","Day","Bangla","Science","Co-Edu","2.00","0.00","100"
"Chattogram","Chandgaon","134196","Safa Motaleb College","Day","Bangla","Business Studies","Co-Edu","1.00","0.00","200"
"Chattogram","Chawk Bazar","134628","Chattagram Biggan College","Day","Bangla","Science","Co-Edu","3.00","0.00","695"
"Chattogram","Chawk Bazar","137811","Chattagram Commerce College (Non Government)","Day","Bangla","Business Studies","Co-Edu","1.00","0.00","250"
"Chattogram","Chawk Bazar","104532","Chittagong College","Day","Bangla","Humanities","Co-Edu","4.00","0.00","380"
"Chattogram","Chawk Bazar","104532","Chittagong College","Day","Bangla","Science","Co-Edu","5.00","0.00","660"
"Chattogram","Chawk Bazar","104527","Govt. Hazi Muhammad Mohsin College","Day","Bangla","Business Studies","Co-Edu","4.50","0.00","615"
"Chattogram","Chawk Bazar","104527","Govt. Hazi Muhammad Mohsin College","Day","Bangla","Science","Co-Edu","5.00","0.00","660"
"Chattogram","Chawk Bazar","104527","Govt. Hazi Muhammad Mohsin College","Day","Bangla","Humanities","Co-Edu","4.00","0.00","460"
"Chattogram","Chawk Bazar","132060","Kapasgola City Corporation Mohila College","Day","Bangla","Humanities","Female","2.50","0.00","420"
"Chattogram","Chawk Bazar","132060","Kapasgola City Corporation Mohila College","Day","Bangla","Science","Female","4.50","0.00","420"
"Chattogram","Chawk Bazar","132060","Kapasgola City Corporation Mohila College","Day","Bangla","Business Studies","Female","3.00","0.00","420"
"Chattogram","Chawk Bazar","135422","South Asian College Chittagong","Day","Bangla","Science","Co-Edu","2.50","0.00","275"
"Chattogram","Chawk Bazar","135422","South Asian College Chittagong","Day","Bangla","Business Studies","Co-Edu","2.00","0.00","200"
"Chattogram","Chittagong Port","104265","B A F  Shaheen College  Chittagong","Day","English","Business Studies","Co-Edu","3.50","3.00","80"
"Chattogram","Chittagong Port","104265","B A F  Shaheen College  Chittagong","Day","Bangla","Business Studies","Co-Edu","3.50","3.00","350"
"Chattogram","Chittagong Port","104265","B A F  Shaheen College  Chittagong","Day","Bangla","Humanities","Co-Edu","3.00","2.50","160"
"Chattogram","Chittagong Port","104265","B A F  Shaheen College  Chittagong","Day","Bangla","Science","Co-Edu","4.75","4.00","335"
"Chattogram","Chittagong Port","104265","B A F  Shaheen College  Chittagong","Day","English","Science","Co-Edu","4.00","3.75","120"
"Chattogram","Chittagong Port","104263","BEPZA Public School And College","Day","Bangla","Science","Co-Edu","4.00","3.50","280"
"Chattogram","Chittagong Port","104263","BEPZA Public School And College","Day","Bangla","Humanities","Co-Edu","2.00","2.00","140"
"Chattogram","Chittagong Port","104263","BEPZA Public School And College","Day","Bangla","Business Studies","Co-Edu","3.00","3.00","240"
"Chattogram","Chittagong Port","138374","Chattogram Bandar College","Day","Bangla","Humanities","Male","2.25","0.00","125"
"Chattogram","Chittagong Port","138374","Chattogram Bandar College","Day","Bangla","Science","Male","4.75","0.00","250"
"Chattogram","Chittagong Port","138374","Chattogram Bandar College","Day","Bangla","Business Studies","Male","3.50","0.00","150"
"Chattogram","Chittagong Port","138384","Chattogram Bandar Mohila College","Day","Bangla","Science","Female","4.75","0.00","200"
"Chattogram","Chittagong Port","138384","Chattogram Bandar Mohila College","Day","Bangla","Humanities","Female","3.00","0.00","150"
"Chattogram","Chittagong Port","138384","Chattogram Bandar Mohila College","Day","Bangla","Business Studies","Female","4.00","0.00","150"
"Chattogram","Chittagong Port","135423","Halishahar Central College","Day","Bangla","Business Studies","Co-Edu","1.50","0.00","80"
"Chattogram","Chittagong Port","104260","Jarina Mafjal City Corporation College","Day","Bangla","Science","Co-Edu","3.00","0.00","150"
"Chattogram","Chittagong Port","104260","Jarina Mafjal City Corporation College","Day","Bangla","Humanities","Co-Edu","2.00","0.00","220"
"Chattogram","Chittagong Port","104260","Jarina Mafjal City Corporation College","Day","Bangla","Business Studies","Co-Edu","2.00","0.00","400"
"Chattogram","Chittagong Port","138368","NAVY ANCHORAGE SCHOOL AND COLLEGE CHATTOGRAM","Day","English","Science","Co-Edu","4.50","4.50","150"
"Chattogram","Chittagong Port","104264","NOUBAHINI SCHOOL AND COLLEGE CHATTOGRAM","Morning","Bangla","Business Studies","Co-Edu","4.00","3.50","200"
"Chattogram","Chittagong Port","104264","NOUBAHINI SCHOOL AND COLLEGE CHATTOGRAM","Morning","Bangla","Science","Co-Edu","5.00","4.81","360"
"Chattogram","Chittagong Port","104264","NOUBAHINI SCHOOL AND COLLEGE CHATTOGRAM","Morning","Bangla","Humanities","Co-Edu","3.00","2.50","150"
"Chattogram","Double Mooring","104303","AGRABAD MOHILA COLLEGE","Day","Bangla","Humanities","Female","2.00","0.00","375"
"Chattogram","Double Mooring","104303","AGRABAD MOHILA COLLEGE","Day","Bangla","Science","Female","4.00","0.00","450"
"Chattogram","Double Mooring","104303","AGRABAD MOHILA COLLEGE","Day","Bangla","Business Studies","Female","2.50","0.00","650"
"Chattogram","Double Mooring","104396","Alhaj Yakub Ali Girls  School And College","Day","Bangla","Business Studies","Female","2.00","1.00","100"
"Chattogram","Double Mooring","104396","Alhaj Yakub Ali Girls  School And College","Day","Bangla","Science","Female","2.00","1.00","100"
"Chattogram","Double Mooring","104396","Alhaj Yakub Ali Girls  School And College","Day","Bangla","Humanities","Female","1.00","1.00","120"
"Chattogram","Double Mooring","104280","Chattogram City Corporation Hatey Khari School And College","Day","Bangla","Business Studies","Co-Edu","2.00","1.50","150"
"Chattogram","Double Mooring","104280","Chattogram City Corporation Hatey Khari School And College","Day","Bangla","Science","Co-Edu","2.50","2.00","100"
"Chattogram","Double Mooring","137659","Chittagong City Corporation Commerce College","Day","Bangla","Business Studies","Co-Edu","2.00","0.00","250"
"Chattogram","Double Mooring","104275","Chittagong Collegiate School","Day","Bangla","Science","Male","4.75","4.50","200"
"Chattogram","Double Mooring","104275","Chittagong Collegiate School","Day","Bangla","Business Studies","Male","3.50","3.50","100"
"Chattogram","Double Mooring","137672","Chittagong Oxford Modern Commerce College","Day","Bangla","Business Studies","Co-Edu","1.00","0.00","100"
"Chattogram","Double Mooring","134777","Dewan Hat City Corporation College","Day","Bangla","Science","Co-Edu","3.50","0.00","300"
"Chattogram","Double Mooring","134777","Dewan Hat City Corporation College","Day","Bangla","Humanities","Co-Edu","2.00","0.00","250"
"Chattogram","Double Mooring","134777","Dewan Hat City Corporation College","Day","Bangla","Business Studies","Co-Edu","3.00","0.00","400"
"Chattogram","Double Mooring","104299","Islamia Degree College","Day","Bangla","Science","Co-Edu","4.00","0.00","450"
"Chattogram","Double Mooring","104299","Islamia Degree College","Evening","Bangla","Humanities","Co-Edu","2.00","0.00","220"
"Chattogram","Double Mooring","104299","Islamia Degree College","Day","Bangla","Business Studies","Co-Edu","3.00","0.00","800"
"Chattogram","Double Mooring","104299","Islamia Degree College","Evening","Bangla","Business Studies","Co-Edu","3.00","0.00","220"
"Chattogram","Double Mooring","104299","Islamia Degree College","Day","Bangla","Humanities","Co-Edu","2.00","0.00","600"
"Chattogram","Double Mooring","104304","Postarpar Asma KatunCity Corporaton Girls  School And College","Day","Bangla","Business Studies","Female","2.25","2.25","200"
"Chattogram","Double Mooring","104304","Postarpar Asma KatunCity Corporaton Girls  School And College","Day","Bangla","Humanities","Female","1.80","1.80","160"
"Chattogram","Double Mooring","104304","Postarpar Asma KatunCity Corporaton Girls  School And College","Day","Bangla","Science","Female","3.00","3.00","100"
"Chattogram","E.P.Z.","104261","Barrister Sultan Ahmad Chowdhury College","Day","Bangla","Science","Co-Edu","3.00","0.00","100"
"Chattogram","E.P.Z.","104261","Barrister Sultan Ahmad Chowdhury College","Day","Bangla","Business Studies","Co-Edu","2.75","0.00","300"
"Chattogram","E.P.Z.","104261","Barrister Sultan Ahmad Chowdhury College","Day","Bangla","Humanities","Co-Edu","2.50","0.00","360"
"Chattogram","Fatikchhari","104389","Fatikchari Govt.  College","Day","Bangla","Business Studies","Co-Edu","3.00","0.00","500"
"Chattogram","Fatikchhari","104389","Fatikchari Govt.  College","Day","Bangla","Humanities","Co-Edu","3.00","0.00","540"
"Chattogram","Fatikchhari","104389","Fatikchari Govt.  College","Day","Bangla","Science","Co-Edu","4.00","0.00","150"
"Chattogram","Fatikchhari","104394","Gultaj Memorial School And College","Day","Bangla","Business Studies","Co-Edu","1.00","0.00","150"
"Chattogram","Fatikchhari","104394","Gultaj Memorial School And College","Day","Bangla","Humanities","Co-Edu","1.00","1.00","150"
"Chattogram","Fatikchhari","104394","Gultaj Memorial School And College","Day","Bangla","Science","Co-Edu","1.00","1.00","50"
"Chattogram","Fatikchhari","104324","Haidchakia Multilateral High School And College","Day","Bangla","Business Studies","Co-Edu","1.00","1.00","100"
"Chattogram","Fatikchhari","104324","Haidchakia Multilateral High School And College","Day","Bangla","Science","Co-Edu","1.50","1.00","50"
"Chattogram","Fatikchhari","104324","Haidchakia Multilateral High School And College","Day","Bangla","Humanities","Co-Edu","1.00","1.00","150"
"Chattogram","Fatikchhari","104390","Isapur B. M. C. College","Day","Bangla","Business Studies","Co-Edu","2.00","0.00","150"
"Chattogram","Fatikchhari","104390","Isapur B. M. C. College","Day","Bangla","Science","Co-Edu","2.00","0.00","50"
"Chattogram","Fatikchhari","104390","Isapur B. M. C. College","Day","Bangla","Humanities","Co-Edu","2.00","0.00","300"
"Chattogram","Fatikchhari","104392","Nanupur Laila Kabir College","Day","Bangla","Science","Co-Edu","2.00","0.00","100"
"Chattogram","Fatikchhari","104392","Nanupur Laila Kabir College","Day","Bangla","Humanities","Co-Edu","2.00","0.00","500"
"Chattogram","Fatikchhari","104392","Nanupur Laila Kabir College","Day","Bangla","Business Studies","Co-Edu","2.00","0.00","400"
"Chattogram","Fatikchhari","131336","Purba Dhalai Kadiza Malek High School And College","Day","Bangla","Business Studies","Co-Edu","1.00","0.00","100"
"Chattogram","Fatikchhari","131336","Purba Dhalai Kadiza Malek High School And College","Day","Bangla","Science","Co-Edu","1.00","0.00","100"
"Chattogram","Fatikchhari","131336","Purba Dhalai Kadiza Malek High School And College","Day","Bangla","Humanities","Co-Edu","1.00","0.00","120"
"Chattogram","Fatikchhari","104317","SHAHNAGAR BOHUMUKHI HIGH SCHOOL AND COLLEGE","Day","Bangla","Business Studies","Co-Edu","1.00","0.00","100"
"Chattogram","Fatikchhari","104317","SHAHNAGAR BOHUMUKHI HIGH SCHOOL AND COLLEGE","Day","Bangla","Humanities","Co-Edu","1.00","0.00","150"
"Chattogram","Halishahar","137640","Cambrian School and College","Day","Bangla","Business Studies","Co-Edu","3.25","0.00","150"
"Chattogram","Halishahar","137640","Cambrian School and College","Day","Bangla","Science","Co-Edu","4.00","0.00","300"
"Chattogram","Halishahar","135721","Halishahar Cantonment Public School And College","Day","English","Science","Co-Edu","4.72","4.50","50"
"Chattogram","Halishahar","135721","Halishahar Cantonment Public School And College","Day","Bangla","Science","Co-Edu","4.94","4.83","160"
"Chattogram","Halishahar","135721","Halishahar Cantonment Public School And College","Day","Bangla","Business Studies","Co-Edu","3.94","3.83","80"
"Chattogram","Halishahar","137975","Halishahar Mohila College","Day","Bangla","Business Studies","Female","1.50","0.00","100"
"Chattogram","Halishahar","137975","Halishahar Mohila College","Day","Bangla","Humanities","Female","1.00","0.00","100"
"Chattogram","Halishahar","132024","Home Economics City Corporation College","Day","Bangla","Humanities","Female","1.00","0.00","100"
"Chattogram","Halishahar","132024","Home Economics City Corporation College","Day","Bangla","Home Science","Female","1.00","0.00","50"
"Chattogram","Halishahar","132024","Home Economics City Corporation College","Day","Bangla","Business Studies","Female","1.00","0.00","100"
"Chattogram","Hathazari","104469","Akbaria School And College","Day","Bangla","Humanities","Co-Edu","1.00","1.00","100"
"Chattogram","Hathazari","104469","Akbaria School And College","Day","Bangla","Science","Co-Edu","1.00","1.00","50"
"Chattogram","Hathazari","104469","Akbaria School And College","Day","Bangla","Business Studies","Co-Edu","1.00","1.00","100"
"Chattogram","Hathazari","104401","Alipur Rahmania School And College","Day","Bangla","Humanities","Co-Edu","1.00","0.00","150"
"Chattogram","Hathazari","104401","Alipur Rahmania School And College","Day","Bangla","Business Studies","Co-Edu","1.00","0.00","100"
"Chattogram","Hathazari","104468","Chittagong University College","Day","Bangla","Science","Co-Edu","4.00","3.50","110"
"Chattogram","Hathazari","104468","Chittagong University College","Day","Bangla","Business Studies","Co-Edu","4.00","3.00","110"
"Chattogram","Hathazari","104468","Chittagong University College","Day","Bangla","Humanities","Co-Edu","3.00","2.50","110"
"Chattogram","Hathazari","104418","Eidgah High School And College","Day","Bangla","Business Studies","Co-Edu","1.00","0.00","100"
"Chattogram","Hathazari","104418","Eidgah High School And College","Day","Bangla","Humanities","Co-Edu","1.00","0.00","100"
"Chattogram","Hathazari","104050","Fateyabad City Corporation Degree College","Day","Bangla","Science","Co-Edu","3.00","0.00","150"
"Chattogram","Hathazari","104050","Fateyabad City Corporation Degree College","Day","Bangla","Humanities","Co-Edu","2.50","0.00","500"
"Chattogram","Hathazari","104050","Fateyabad City Corporation Degree College","Day","Bangla","Business Studies","Co-Edu","2.50","0.00","250"
"Chattogram","Hathazari","104046","Fateyabad City Corporation Girls School And College","Day","Bangla","Humanities","Female","1.00","1.00","150"
"Chattogram","Hathazari","104046","Fateyabad City Corporation Girls School And College","Day","Bangla","Business Studies","Female","1.00","1.00","150"
"Chattogram","Hathazari","104464","Hathazari College","Day","Bangla","Humanities","Co-Edu","3.00","0.00","620"
"Chattogram","Hathazari","104464","Hathazari College","Day","Bangla","Business Studies","Co-Edu","3.00","0.00","620"
"Chattogram","Hathazari","104464","Hathazari College","Day","Bangla","Science","Co-Edu","3.50","0.00","320"
"Chattogram","Hathazari","104403","Hathazari Girls  High School And College","Day","Bangla","Humanities","Female","1.00","1.00","250"
"Chattogram","Hathazari","104403","Hathazari Girls  High School And College","Day","Bangla","Business Studies","Female","1.00","1.00","100"
"Chattogram","Hathazari","104425","Jobra Paschim Patti School And College","Day","Bangla","Humanities","Co-Edu","1.00","1.00","150"
"Chattogram","Hathazari","104425","Jobra Paschim Patti School And College","Day","Bangla","Business Studies","Co-Edu","1.00","1.00","150"
"Chattogram","Hathazari","104425","Jobra Paschim Patti School And College","Day","Bangla","Science","Co-Edu","1.00","1.00","50"
"Chattogram","Hathazari","104467","K. C. Shahid Ziaur Rahman College","Day","Bangla","Humanities","Co-Edu","1.00","0.00","300"
"Chattogram","Hathazari","104467","K. C. Shahid Ziaur Rahman College","Day","Bangla","Business Studies","Co-Edu","1.00","0.00","175"
"Chattogram","Hathazari","104467","K. C. Shahid Ziaur Rahman College","Day","Bangla","Science","Co-Edu","2.00","0.00","100"
"Chattogram","Hathazari","104463","Katirhat Girls  College","Day","Bangla","Business Studies","Female","2.00","0.00","250"
"Chattogram","Hathazari","104463","Katirhat Girls  College","Day","Bangla","Humanities","Female","2.00","0.00","520"
"Chattogram","Hathazari","104463","Katirhat Girls  College","Day","Bangla","Science","Female","2.00","0.00","100"
"Chattogram","Hathazari","104465","Kuaish Burishchar Sheikh Mohammad City Corporation College","Day","Bangla","Humanities","Co-Edu","2.00","0.00","380"
"Chattogram","Hathazari","104465","Kuaish Burishchar Sheikh Mohammad City Corporation College","Day","Bangla","Science","Co-Edu","2.00","0.00","220"
"Chattogram","Hathazari","104465","Kuaish Burishchar Sheikh Mohammad City Corporation College","Day","Bangla","Business Studies","Co-Edu","2.50","0.00","560"
"Chattogram","Hathazari","104466","Nazirhat College","Day","Bangla","Business Studies","Co-Edu","2.00","0.00","550"
"Chattogram","Hathazari","104466","Nazirhat College","Day","Bangla","Humanities","Co-Edu","2.50","0.00","600"
"Chattogram","Hathazari","104466","Nazirhat College","Day","Bangla","Science","Co-Edu","2.50","0.00","220"
"Chattogram","Hathazari","104437","RAHIMPUR IDEAL SCHOOL AND COLLEGE","Day","Bangla","Humanities","Co-Edu","1.00","1.00","100"
"Chattogram","Hathazari","104437","RAHIMPUR IDEAL SCHOOL AND COLLEGE","Day","Bangla","Business Studies","Co-Edu","1.00","1.00","100"
"Chattogram","Karnafuli","104486","Ayub Bibi City Corporation School and College","Day","Bangla","Business Studies","Co-Edu","2.50","1.00","250"
"Chattogram","Karnafuli","104486","Ayub Bibi City Corporation School and College","Day","Bangla","Humanities","Co-Edu","2.50","1.00","300"
"Chattogram","Karnafuli","104485","Karnaphuly  Abdul Jalil Chowdhury College","Day","Bangla","Humanities","Co-Edu","2.75","0.00","550"
"Chattogram","Karnafuli","104485","Karnaphuly  Abdul Jalil Chowdhury College","Day","Bangla","Business Studies","Co-Edu","2.75","0.00","550"
"Chattogram","Karnafuli","104485","Karnaphuly  Abdul Jalil Chowdhury College","Day","Bangla","Science","Co-Edu","2.75","0.00","100"
"Chattogram","Khulshi","104272","CMP School And College","Day","Bangla","Science","Co-Edu","4.25","3.00","150"
"Chattogram","Khulshi","104272","CMP School And College","Day","Bangla","Humanities","Co-Edu","2.50","2.00","150"
"Chattogram","Khulshi","104272","CMP School And College","Day","Bangla","Business Studies","Co-Edu","3.50","2.50","150"
"Chattogram","Khulshi","133998","Chattogram Government  Model School & College","Day","Bangla","Humanities","Co-Edu","3.75","3.75","220"
"Chattogram","Khulshi","133998","Chattogram Government  Model School & College","Day","Bangla","Science","Co-Edu","5.00","5.00","420"
"Chattogram","Khulshi","133998","Chattogram Government  Model School & College","Day","Bangla","Business Studies","Co-Edu","4.25","4.25","270"
"Chattogram","Khulshi","104710","Chittagong Govt. Girls  College","Day","Bangla","Humanities","Female","3.00","0.00","400"
"Chattogram","Khulshi","104710","Chittagong Govt. Girls  College","Day","Bangla","Business Studies","Female","4.00","0.00","500"
"Chattogram","Khulshi","104710","Chittagong Govt. Girls  College","Day","Bangla","Science","Female","5.00","0.00","500"
"Chattogram","Khulshi","134780","College Of Science  Business And Humanities","Day","Bangla","Business Studies","Co-Edu","2.00","2.00","150"
"Chattogram","Khulshi","134780","College Of Science  Business And Humanities","Day","Bangla","Humanities","Co-Edu","2.00","2.00","75"
"Chattogram","Khulshi","134780","College Of Science  Business And Humanities","Day","English","Science","Co-Edu","2.00","2.00","125"
"Chattogram","Khulshi","134780","College Of Science  Business And Humanities","Day","English","Humanities","Co-Edu","2.00","2.00","50"
"Chattogram","Khulshi","134780","College Of Science  Business And Humanities","Day","English","Business Studies","Co-Edu","2.00","2.00","100"
"Chattogram","Khulshi","134780","College Of Science  Business And Humanities","Day","Bangla","Science","Co-Edu","2.00","2.00","150"
"Chattogram","Khulshi","104711","Ispahani Public School And College","Morning","Bangla","Science","Co-Edu","5.00","4.50","240"
"Chattogram","Khulshi","104711","Ispahani Public School And College","Morning","Bangla","Humanities","Co-Edu","3.00","3.00","130"
"Chattogram","Khulshi","104711","Ispahani Public School And College","Morning","Bangla","Business Studies","Co-Edu","4.00","3.50","180"
"Chattogram","Khulshi","104300","Omargani M. E. S.  College","Evening","Bangla","Humanities","Co-Edu","2.00","0.00","300"
"Chattogram","Khulshi","104300","Omargani M. E. S.  College","Evening","Bangla","Business Studies","Co-Edu","2.00","0.00","500"
"Chattogram","Khulshi","104300","Omargani M. E. S.  College","Day","Bangla","Business Studies","Co-Edu","3.00","0.00","650"
"Chattogram","Khulshi","104300","Omargani M. E. S.  College","Day","Bangla","Humanities","Co-Edu","2.00","0.00","500"
"Chattogram","Khulshi","104300","Omargani M. E. S.  College","Day","Bangla","Science","Co-Edu","3.50","0.00","560"
"Chattogram","Khulshi","104537","Pahartali College","Day","Bangla","Science","Co-Edu","2.50","0.00","200"
"Chattogram","Khulshi","104537","Pahartali College","Day","Bangla","Humanities","Co-Edu","2.00","0.00","480"
"Chattogram","Khulshi","104537","Pahartali College","Day","Bangla","Business Studies","Co-Edu","2.50","0.00","560"
"Chattogram","Kotwali","104490","Aparna Charan Citycorporation Girls  School And College","Day","Bangla","Science","Female","2.50","1.00","100"
"Chattogram","Kotwali","104490","Aparna Charan Citycorporation Girls  School And College","Day","Bangla","Business Studies","Female","2.00","1.00","200"
"Chattogram","Kotwali","104490","Aparna Charan Citycorporation Girls  School And College","Day","Bangla","Humanities","Female","2.00","1.00","200"
"Chattogram","Kotwali","104534","Bangladesh Mohila Samiti Girls  High School And College","Morning","Bangla","Humanities","Female","3.25","3.00","300"
"Chattogram","Kotwali","104534","Bangladesh Mohila Samiti Girls  High School And College","Morning","Bangla","Business Studies","Female","3.50","3.25","300"
"Chattogram","Kotwali","104534","Bangladesh Mohila Samiti Girls  High School And College","Morning","Bangla","Science","Female","5.00","4.50","300"
"Chattogram","Kotwali","132147","Central Public College","Day","Bangla","Science","Co-Edu","3.25","0.00","50"
"Chattogram","Kotwali","132147","Central Public College","Day","Bangla","Business Studies","Co-Edu","2.25","0.00","150"
"Chattogram","Kotwali","104492","Chattogram City Corporation Municipal Model School And College","Day","Bangla","Business Studies","Co-Edu","2.50","2.00","200"
"Chattogram","Kotwali","104492","Chattogram City Corporation Municipal Model School And College","Day","Bangla","Science","Co-Edu","3.00","3.00","150"
"Chattogram","Kotwali","134775","Chittagong City Corporation Kaiser-Niloufer College","Day","Bangla","Science","Co-Edu","3.00","0.00","150"
"Chattogram","Kotwali","134775","Chittagong City Corporation Kaiser-Niloufer College","Day","Bangla","Humanities","Co-Edu","2.50","0.00","200"
"Chattogram","Kotwali","134775","Chittagong City Corporation Kaiser-Niloufer College","Day","Bangla","Business Studies","Co-Edu","3.00","0.00","250"
"Chattogram","Kotwali","104507","Jatra Mahan Sen School & College","Day","Bangla","Humanities","Co-Edu","1.00","1.00","200"
"Chattogram","Kotwali","104507","Jatra Mahan Sen School & College","Day","Bangla","Business Studies","Co-Edu","1.50","1.00","150"
"Chattogram","Kotwali","104507","Jatra Mahan Sen School & College","Day","Bangla","Science","Co-Edu","2.00","1.00","75"
"Chattogram","Kotwali","104491","Kazem Ali High School And College","Day","Bangla","Science","Co-Edu","4.25","4.00","330"
"Chattogram","Kotwali","104491","Kazem Ali High School And College","Day","Bangla","Business Studies","Co-Edu","3.00","3.00","320"
"Chattogram","Kotwali","104491","Kazem Ali High School And College","Day","Bangla","Humanities","Co-Edu","2.75","2.75","320"
"Chattogram","Kotwali","104528","Mahila College  Chattogram (Non govt.)","Day","Bangla","Humanities","Female","2.30","0.00","450"
"Chattogram","Kotwali","104528","Mahila College  Chattogram (Non govt.)","Day","Bangla","Business Studies","Female","3.00","0.00","500"
"Chattogram","Kotwali","104528","Mahila College  Chattogram (Non govt.)","Day","Bangla","Science","Female","4.30","0.00","500"
"Chattogram","Kotwali","104529","Patharghata City Corporation College","Day","Bangla","Business Studies","Co-Edu","2.00","0.00","180"
"Chattogram","Kotwali","104529","Patharghata City Corporation College","Day","Bangla","Science","Co-Edu","2.00","0.00","150"
"Chattogram","Kotwali","104529","Patharghata City Corporation College","Day","Bangla","Humanities","Co-Edu","1.00","0.00","250"
"Chattogram","Kotwali","104513","SAINT PLACIDS SCHOOL AND COLLEGE","Day","Bangla","Science","Male","4.00","4.00","80"
"Chattogram","Kotwali","104513","SAINT PLACIDS SCHOOL AND COLLEGE","Day","Bangla","Business Studies","Male","3.00","3.00","80"
"Chattogram","Kotwali","104511","St. ScholasticaS Girls High School & College","Day","Bangla","Humanities","Female","2.00","0.00","50"
"Chattogram","Kotwali","104511","St. ScholasticaS Girls High School & College","Day","Bangla","Business Studies","Female","2.50","0.00","70"
"Chattogram","Kotwali","104511","St. ScholasticaS Girls High School & College","Day","Bangla","Science","Female","3.00","0.00","80"
"Chattogram","Lohagara","104588","Alhaj Mostafizur Rahman College","Day","Bangla","Humanities","Co-Edu","1.00","0.00","490"
"Chattogram","Lohagara","104588","Alhaj Mostafizur Rahman College","Day","Bangla","Business Studies","Co-Edu","1.00","0.00","300"
"Chattogram","Lohagara","104588","Alhaj Mostafizur Rahman College","Day","Bangla","Science","Co-Edu","2.00","0.00","120"
"Chattogram","Lohagara","104589","Bara Aulia Degree College","Day","Bangla","Business Studies","Co-Edu","2.00","0.00","300"
"Chattogram","Lohagara","104589","Bara Aulia Degree College","Day","Bangla","Humanities","Co-Edu","2.00","0.00","420"
"Chattogram","Lohagara","104589","Bara Aulia Degree College","Day","Bangla","Science","Co-Edu","2.00","0.00","100"
"Chattogram","Lohagara","104590","Chunti Girls College","Day","Bangla","Humanities","Female","2.00","0.00","400"
"Chattogram","Lohagara","104590","Chunti Girls College","Day","Bangla","Business Studies","Female","2.00","0.00","300"
"Chattogram","Lohagara","131345","Mostafa Begum Girls School And College","Day","Bangla","Business Studies","Female","2.00","1.00","130"
"Chattogram","Lohagara","131345","Mostafa Begum Girls School And College","Day","Bangla","Humanities","Female","2.00","1.00","130"
"Chattogram","Mirsharai","138842","MUKTIJODDHA MAJOR MOSTAFA COLLEGE","Day","Bangla","Science","Co-Edu","2.00","0.00","60"
"Chattogram","Mirsharai","138842","MUKTIJODDHA MAJOR MOSTAFA COLLEGE","Day","Bangla","Humanities","Co-Edu","1.00","0.00","150"
"Chattogram","Mirsharai","138842","MUKTIJODDHA MAJOR MOSTAFA COLLEGE","Day","Bangla","Business Studies","Co-Edu","1.00","0.00","100"
"Chattogram","Mirsharai","104661","Mirsarai College","Day","Bangla","Science","Co-Edu","3.00","0.00","150"
"Chattogram","Mirsharai","104661","Mirsarai College","Day","Bangla","Humanities","Co-Edu","2.00","0.00","600"
"Chattogram","Mirsharai","104661","Mirsarai College","Day","Bangla","Business Studies","Co-Edu","2.00","0.00","480"
"Chattogram","Mirsharai","104662","Nizampur College","Day","Bangla","Humanities","Co-Edu","3.00","0.00","575"
"Chattogram","Mirsharai","104662","Nizampur College","Day","Bangla","Science","Co-Edu","3.50","0.00","230"
"Chattogram","Mirsharai","104662","Nizampur College","Day","Bangla","Business Studies","Co-Edu","3.50","0.00","550"
"Chattogram","Mirsharai","104660","Professor Kamal Uddin Chowdhury College","Day","Bangla","Business Studies","Co-Edu","2.00","0.00","250"
"Chattogram","Mirsharai","104660","Professor Kamal Uddin Chowdhury College","Day","Bangla","Humanities","Co-Edu","2.00","0.00","300"
"Chattogram","Mirsharai","104660","Professor Kamal Uddin Chowdhury College","Day","Bangla","Science","Co-Edu","3.50","0.00","150"
"Chattogram","Pahartali","134391","Chittagong City Corporation Premier College","Day","Bangla","Business Studies","Co-Edu","1.50","0.00","250"
"Chattogram","Pahartali","134391","Chittagong City Corporation Premier College","Day","Bangla","Humanities","Co-Edu","1.50","0.00","150"
"Chattogram","Pahartali","134391","Chittagong City Corporation Premier College","Day","Bangla","Science","Co-Edu","2.00","0.00","150"
"Chattogram","Pahartali","104687","Dr. Fazlul Hazera College","Day","Bangla","Business Studies","Co-Edu","1.50","0.00","550"
"Chattogram","Pahartali","104687","Dr. Fazlul Hazera College","Day","Bangla","Science","Co-Edu","2.00","0.00","150"
"Chattogram","Pahartali","104687","Dr. Fazlul Hazera College","Day","Bangla","Humanities","Co-Edu","1.00","0.00","300"
"Chattogram","Pahartali","104675","Pahartali Girls  School & College","Day","Bangla","Humanities","Female","1.00","1.00","100"
"Chattogram","Pahartali","104675","Pahartali Girls  School & College","Day","Bangla","Business Studies","Female","1.00","1.00","100"
"Chattogram","Pahartali","139368","SARAIPARA CITY CORPORATION DEGREE COLLEGE","Day","Bangla","Humanities","Co-Edu","2.00","0.00","250"
"Chattogram","Pahartali","139368","SARAIPARA CITY CORPORATION DEGREE COLLEGE","Day","Bangla","Science","Co-Edu","3.00","0.00","150"
"Chattogram","Pahartali","139368","SARAIPARA CITY CORPORATION DEGREE COLLEGE","Day","Bangla","Business Studies","Co-Edu","2.50","0.00","300"
"Chattogram","Panchlaish","134625","Chittagong Sun Shine College","Morning","English","Business Studies","Co-Edu","1.50","0.00","50"
"Chattogram","Panchlaish","134625","Chittagong Sun Shine College","Morning","Bangla","Science","Co-Edu","2.00","0.00","75"
"Chattogram","Panchlaish","134625","Chittagong Sun Shine College","Morning","English","Science","Co-Edu","2.00","0.00","75"
"Chattogram","Panchlaish","134625","Chittagong Sun Shine College","Morning","Bangla","Business Studies","Co-Edu","1.50","0.00","100"
"Chattogram","Panchlaish","134279","Hossen Ahammed Chy. City Corporation School And Colleg","Day","Bangla","Business Studies","Co-Edu","2.00","1.00","150"
"Chattogram","Panchlaish","134279","Hossen Ahammed Chy. City Corporation School And Colleg","Day","Bangla","Science","Co-Edu","3.00","1.00","75"
"Chattogram","Panchlaish","134279","Hossen Ahammed Chy. City Corporation School And Colleg","Day","Bangla","Humanities","Co-Edu","2.00","1.00","150"
"Chattogram","Panchlaish","104694","Prabartak School And College","Day","Bangla","Humanities","Co-Edu","2.00","1.50","200"
"Chattogram","Panchlaish","104694","Prabartak School And College","Day","Bangla","Science","Co-Edu","3.00","2.00","100"
"Chattogram","Panchlaish","104694","Prabartak School And College","Day","Bangla","Business Studies","Co-Edu","2.00","1.50","150"
"Chattogram","Panchlaish","104042","Sermon College","Day","Bangla","Humanities","Co-Edu","1.00","1.00","100"
"Chattogram","Panchlaish","104042","Sermon College","Day","Bangla","Business Studies","Co-Edu","1.00","1.00","100"
"Chattogram","Panchlaish","104042","Sermon College","Day","Bangla","Science","Co-Edu","1.00","1.00","100"
"Chattogram","Panchlaish","134170","Southpoint School And College","Day","English","Science","Co-Edu","3.00","3.00","50"
"Chattogram","Panchlaish","134170","Southpoint School And College","Day","English","Business Studies","Co-Edu","2.50","2.50","50"
"Chattogram","Patenga","104267","Patenga City Corporation Girls  High School And College","Day","Bangla","Humanities","Female","2.00","2.00","380"
"Chattogram","Patenga","104267","Patenga City Corporation Girls  High School And College","Day","Bangla","Business Studies","Female","2.50","2.00","350"
"Chattogram","Patenga","104267","Patenga City Corporation Girls  High School And College","Day","Bangla","Science","Female","3.00","3.00","150"
"Chattogram","Patiya","104784","Dhalghat School And College","Day","Bangla","Business Studies","Co-Edu","1.00","1.00","150"
"Chattogram","Patiya","104784","Dhalghat School And College","Day","Bangla","Humanities","Co-Edu","1.00","1.00","150"
"Chattogram","Patiya","104784","Dhalghat School And College","Day","Bangla","Science","Co-Edu","2.00","1.00","100"
"Chattogram","Patiya","104779","Hulain Saleh Nur Degree College","Day","Bangla","Science","Co-Edu","2.00","0.00","150"
"Chattogram","Patiya","104779","Hulain Saleh Nur Degree College","Day","Bangla","Business Studies","Co-Edu","2.00","0.00","450"
"Chattogram","Patiya","104779","Hulain Saleh Nur Degree College","Day","Bangla","Humanities","Co-Edu","2.00","0.00","480"
"Chattogram","Patiya","104746","KUSUMPURA HIGH SCHOOL AND COLLEGE","Day","Bangla","Science","Co-Edu","1.00","1.00","60"
"Chattogram","Patiya","104746","KUSUMPURA HIGH SCHOOL AND COLLEGE","Day","Bangla","Humanities","Co-Edu","1.00","1.00","120"
"Chattogram","Patiya","104746","KUSUMPURA HIGH SCHOOL AND COLLEGE","Day","Bangla","Business Studies","Co-Edu","1.00","1.00","100"
"Chattogram","Patiya","104783","Khalil Mir College","Day","Bangla","Business Studies","Co-Edu","2.50","0.00","300"
"Chattogram","Patiya","104783","Khalil Mir College","Day","Bangla","Humanities","Co-Edu","2.50","0.00","320"
"Chattogram","Patiya","104783","Khalil Mir College","Day","Bangla","Science","Co-Edu","2.50","0.00","75"
"Chattogram","Patiya","104777","Khalilur Rahman Mohila College","Day","Bangla","Business Studies","Female","2.00","0.00","300"
"Chattogram","Patiya","104777","Khalilur Rahman Mohila College","Day","Bangla","Humanities","Female","2.00","0.00","400"
"Chattogram","Patiya","104777","Khalilur Rahman Mohila College","Day","Bangla","Science","Female","2.00","0.00","100"
"Chattogram","Patiya","104785","Mansa School And College","Day","Bangla","Science","Co-Edu","2.50","2.50","50"
"Chattogram","Patiya","104785","Mansa School And College","Day","Bangla","Business Studies","Co-Edu","1.00","1.00","150"
"Chattogram","Patiya","104785","Mansa School And College","Day","Bangla","Humanities","Co-Edu","1.00","1.00","200"
"Chattogram","Patiya","104782","Muzafarabad College","Day","Bangla","Humanities","Co-Edu","2.00","0.00","320"
"Chattogram","Patiya","104782","Muzafarabad College","Day","Bangla","Business Studies","Co-Edu","2.50","0.00","300"
"Chattogram","Patiya","104780","Muzaffarabad Jasoda Nagendra Nandi Residential Girls","Day","Bangla","Business Studies","Female","1.00","0.00","100"
"Chattogram","Patiya","104780","Muzaffarabad Jasoda Nagendra Nandi Residential Girls","Day","Bangla","Humanities","Female","1.00","0.00","100"
"Chattogram","Patiya","135925","Patiya Central College","Day","Bangla","Business Studies","Co-Edu","1.00","0.00","120"
"Chattogram","Patiya","135925","Patiya Central College","Day","Bangla","Humanities","Co-Edu","1.00","0.00","120"
"Chattogram","Patiya","104778","Patiya Govt. College","Day","Bangla","Science","Co-Edu","4.00","0.00","360"
"Chattogram","Patiya","104778","Patiya Govt. College","Day","Bangla","Business Studies","Co-Edu","4.00","0.00","430"
"Chattogram","Patiya","104778","Patiya Govt. College","Day","Bangla","Humanities","Co-Edu","3.00","0.00","430"
"Chattogram","Patiya","138320","S ALAM COLLEGIATE SCHOOL AND COLLEGE","Day","Bangla","Science","Co-Edu","3.50","2.50","150"
"Chattogram","Patiya","138320","S ALAM COLLEGIATE SCHOOL AND COLLEGE","Day","Bangla","Humanities","Co-Edu","3.00","2.00","150"
"Chattogram","Patiya","138320","S ALAM COLLEGIATE SCHOOL AND COLLEGE","Day","Bangla","Business Studies","Co-Edu","3.50","2.50","150"
"Chattogram","Patiya","104786","Shuvandandi School And College","Day","Bangla","Business Studies","Co-Edu","1.00","0.00","150"
"Chattogram","Patiya","104786","Shuvandandi School And College","Day","Bangla","Humanities","Co-Edu","1.00","0.00","180"
"Chattogram","Patiya","104719","Union KrishiSchool and College","Day","Bangla","Humanities","Co-Edu","2.00","0.00","150"
"Chattogram","Patiya","104719","Union KrishiSchool and College","Day","Bangla","Business Studies","Co-Edu","2.00","0.00","150"
"Chattogram","Rangunia","104849","M. Shah Alam Choudhury Degree  College","Day","Bangla","Business Studies","Co-Edu","1.00","0.00","150"
"Chattogram","Rangunia","104849","M. Shah Alam Choudhury Degree  College","Day","Bangla","Humanities","Co-Edu","1.00","0.00","150"
"Chattogram","Rangunia","104849","M. Shah Alam Choudhury Degree  College","Day","Bangla","Science","Co-Edu","2.00","0.00","50"
"Chattogram","Rangunia","104848","Rajanagar Ranirhat College","Day","Bangla","Business Studies","Co-Edu","1.00","0.00","150"
"Chattogram","Rangunia","104848","Rajanagar Ranirhat College","Day","Bangla","Humanities","Co-Edu","1.00","0.00","350"
"Chattogram","Rangunia","104848","Rajanagar Ranirhat College","Day","Bangla","Science","Co-Edu","1.00","0.00","100"
"Chattogram","Rangunia","104844","Rangunia College","Day","Bangla","Humanities","Co-Edu","3.00","0.00","420"
"Chattogram","Rangunia","104844","Rangunia College","Day","Bangla","Science","Co-Edu","4.00","0.00","280"
"Chattogram","Rangunia","104844","Rangunia College","Day","Bangla","Business Studies","Co-Edu","3.50","0.00","460"
"Chattogram","Rangunia","104850","Rangunia Hasina Jamal College","Day","Bangla","Science","Co-Edu","1.00","0.00","70"
"Chattogram","Rangunia","104850","Rangunia Hasina Jamal College","Day","Bangla","Business Studies","Co-Edu","1.00","0.00","150"
"Chattogram","Rangunia","104850","Rangunia Hasina Jamal College","Day","Bangla","Humanities","Co-Edu","1.00","0.00","220"
"Chattogram","Rangunia","104851","Rangunia Mohila College","Day","Bangla","Science","Female","3.50","0.00","160"
"Chattogram","Rangunia","104851","Rangunia Mohila College","Day","Bangla","Humanities","Female","2.50","0.00","270"
"Chattogram","Rangunia","104851","Rangunia Mohila College","Day","Bangla","Business Studies","Female","3.00","0.00","200"
"Chattogram","Rangunia","104847","Sayeda Salima Kader Chowdhury College","Day","Bangla","Humanities","Co-Edu","2.00","0.00","180"
"Chattogram","Rangunia","104847","Sayeda Salima Kader Chowdhury College","Day","Bangla","Science","Co-Edu","1.50","0.00","100"
"Chattogram","Rangunia","104847","Sayeda Salima Kader Chowdhury College","Day","Bangla","Business Studies","Co-Edu","1.50","0.00","150"
"Chattogram","Rangunia","104846","South Rangunia Padua College","Day","Bangla","Humanities","Co-Edu","1.00","0.00","200"
"Chattogram","Rangunia","104846","South Rangunia Padua College","Day","Bangla","Business Studies","Co-Edu","1.00","0.00","150"
"Chattogram","Rangunia","104846","South Rangunia Padua College","Day","Bangla","Science","Co-Edu","1.00","0.00","100"
"Chattogram","Rangunia","104852","South Rangunia Shilak Girls College","Day","Bangla","Humanities","Female","1.00","0.00","100"
"Chattogram","Rangunia","104852","South Rangunia Shilak Girls College","Day","Bangla","Science","Female","1.00","0.00","50"
"Chattogram","Rangunia","104852","South Rangunia Shilak Girls College","Day","Bangla","Business Studies","Female","1.00","0.00","100"
"Chattogram","Rangunia","104845","Uttar Rangunia College","Day","Bangla","Business Studies","Co-Edu","2.00","0.00","150"
"Chattogram","Rangunia","104845","Uttar Rangunia College","Day","Bangla","Humanities","Co-Edu","1.00","0.00","220"
"Chattogram","Rangunia","104845","Uttar Rangunia College","Day","Bangla","Science","Co-Edu","2.00","0.00","100"
"Chattogram","Raozan","104934","Agrasar Girls  College","Day","Bangla","Business Studies","Female","2.00","0.00","150"
"Chattogram","Raozan","104934","Agrasar Girls  College","Day","Bangla","Humanities","Female","1.00","0.00","150"
"Chattogram","Raozan","104934","Agrasar Girls  College","Day","Bangla","Science","Female","2.50","0.00","50"
"Chattogram","Raozan","104935","Asha-Lata College","Day","Bangla","Business Studies","Co-Edu","1.00","0.00","100"
"Chattogram","Raozan","104935","Asha-Lata College","Day","Bangla","Science","Co-Edu","1.00","0.00","50"
"Chattogram","Raozan","104935","Asha-Lata College","Day","Bangla","Humanities","Co-Edu","1.00","0.00","100"
"Chattogram","Raozan","104867","Binajury Nabin  School And College","Day","Bangla","Humanities","Co-Edu","1.00","1.00","75"
"Chattogram","Raozan","104867","Binajury Nabin  School And College","Day","Bangla","Business Studies","Co-Edu","1.00","1.00","75"
"Chattogram","Raozan","104938","Chittagong Engineering University School And College","Morning","Bangla","Science","Co-Edu","4.70","4.00","160"
"Chattogram","Raozan","104938","Chittagong Engineering University School And College","Morning","Bangla","Business Studies","Co-Edu","4.00","3.00","80"
"Chattogram","Raozan","104937","Dewanpur S.K. Sen School And College","Day","Bangla","Science","Co-Edu","1.00","0.00","50"
"Chattogram","Raozan","104937","Dewanpur S.K. Sen School And College","Day","Bangla","Humanities","Co-Edu","1.00","0.00","100"
"Chattogram","Raozan","104937","Dewanpur S.K. Sen School And College","Day","Bangla","Business Studies","Co-Edu","1.00","0.00","100"
"Chattogram","Raozan","104933","Gohira College","Day","Bangla","Business Studies","Co-Edu","3.00","0.00","350"
"Chattogram","Raozan","104933","Gohira College","Day","Bangla","Humanities","Co-Edu","3.00","0.00","370"
"Chattogram","Raozan","104933","Gohira College","Day","Bangla","Science","Co-Edu","3.50","0.00","100"
"Chattogram","Raozan","104936","Hazi Badsha Mabea College","Day","Bangla","Science","Co-Edu","2.00","0.00","50"
"Chattogram","Raozan","104936","Hazi Badsha Mabea College","Day","Bangla","Business Studies","Co-Edu","1.00","0.00","100"
"Chattogram","Raozan","104936","Hazi Badsha Mabea College","Day","Bangla","Humanities","Co-Edu","1.00","0.00","100"
"Chattogram","Raozan","104929","Hazrot Yeasin Sha Public College","Day","Bangla","Humanities","Co-Edu","1.00","0.00","200"
"Chattogram","Raozan","104929","Hazrot Yeasin Sha Public College","Day","Bangla","Science","Co-Edu","1.00","0.00","50"
"Chattogram","Raozan","104929","Hazrot Yeasin Sha Public College","Day","Bangla","Business Studies","Co-Edu","1.00","0.00","150"
"Chattogram","Raozan","104930","Imam Gajjali Degree College","Day","Bangla","Business Studies","Co-Edu","2.00","0.00","350"
"Chattogram","Raozan","104930","Imam Gajjali Degree College","Day","Bangla","Science","Co-Edu","2.75","0.00","130"
"Chattogram","Raozan","104930","Imam Gajjali Degree College","Day","Bangla","Humanities","Co-Edu","1.00","0.00","220"
"Chattogram","Raozan","104868","Kadalpur School And College","Day","Bangla","Business Studies","Co-Edu","1.00","0.00","150"
"Chattogram","Raozan","104868","Kadalpur School And College","Day","Bangla","Humanities","Co-Edu","1.00","0.00","150"
"Chattogram","Raozan","104928","Kundeswari Girls  College","Day","Bangla","Science","Female","1.50","0.00","100"
"Chattogram","Raozan","104928","Kundeswari Girls  College","Day","Bangla","Business Studies","Female","1.50","0.00","150"
"Chattogram","Raozan","104928","Kundeswari Girls  College","Day","Bangla","Humanities","Female","1.50","0.00","150"
"Chattogram","Raozan","104865","Mohammadpur School And College","Day","Bangla","Humanities","Co-Edu","1.00","0.00","100"
"Chattogram","Raozan","104865","Mohammadpur School And College","Day","Bangla","Business Studies","Co-Edu","1.00","0.00","100"
"Chattogram","Raozan","104932","Noapara Degree College","Day","Bangla","Business Studies","Co-Edu","2.00","0.00","480"
"Chattogram","Raozan","104932","Noapara Degree College","Day","Bangla","Humanities","Co-Edu","1.50","0.00","320"
"Chattogram","Raozan","104932","Noapara Degree College","Day","Bangla","Science","Co-Edu","2.00","0.00","200"
"Chattogram","Raozan","104931","Raojan  College","Day","Bangla","Business Studies","Co-Edu","3.00","0.00","480"
"Chattogram","Raozan","104931","Raojan  College","Day","Bangla","Science","Co-Edu","4.00","0.00","220"
"Chattogram","Raozan","104931","Raojan  College","Day","Bangla","Humanities","Co-Edu","3.00","0.00","380"
"Chattogram","Sadarghat","104301","Chittagong Govt. City College","Day","Bangla","Business Studies","Co-Edu","4.50","0.00","380"
"Chattogram","Sadarghat","104301","Chittagong Govt. City College","Evening","Bangla","Humanities","Co-Edu","3.50","0.00","380"
"Chattogram","Sadarghat","104301","Chittagong Govt. City College","Evening","Bangla","Business Studies","Co-Edu","4.50","0.00","380"
"Chattogram","Sadarghat","104301","Chittagong Govt. City College","Day","Bangla","Humanities","Co-Edu","3.50","0.00","380"
"Chattogram","Sadarghat","104301","Chittagong Govt. City College","Day","Bangla","Science","Co-Edu","5.00","0.00","660"
"Chattogram","Sadarghat","104302","Govt. Commerce College","Day","Bangla","Business Studies","Co-Edu","4.56","0.00","930"
"Chattogram","Sandwip","104981","Abul Quasem Haider Mohila College","Day","Bangla","Humanities","Female","1.00","0.00","250"
"Chattogram","Sandwip","104981","Abul Quasem Haider Mohila College","Day","Bangla","Business Studies","Female","1.00","0.00","150"
"Chattogram","Sandwip","104980","Govt. Hazi Abdul Baten College","Day","Bangla","Business Studies","Co-Edu","3.00","0.00","300"
"Chattogram","Sandwip","104980","Govt. Hazi Abdul Baten College","Day","Bangla","Humanities","Co-Edu","2.75","0.00","450"
"Chattogram","Sandwip","104980","Govt. Hazi Abdul Baten College","Day","Bangla","Science","Co-Edu","3.00","0.00","150"
"Chattogram","Sandwip","104948","MOGDHARA SCHOOL AND COLLEGE","Day","Bangla","Business Studies","Co-Edu","1.00","1.00","100"
"Chattogram","Sandwip","104948","MOGDHARA SCHOOL AND COLLEGE","Day","Bangla","Humanities","Co-Edu","1.00","1.00","100"
"Chattogram","Sandwip","104982","Mustafizur Rahman College","Day","Bangla","Humanities","Co-Edu","1.00","0.00","400"
"Chattogram","Sandwip","104982","Mustafizur Rahman College","Day","Bangla","Business Studies","Co-Edu","1.50","0.00","280"
"Chattogram","Sandwip","104982","Mustafizur Rahman College","Day","Bangla","Science","Co-Edu","3.00","0.00","100"
"Chattogram","Sandwip","104978","South Sandip College","Day","Bangla","Science","Co-Edu","1.00","0.00","100"
"Chattogram","Sandwip","104978","South Sandip College","Day","Bangla","Business Studies","Co-Edu","1.00","0.00","250"
"Chattogram","Sandwip","104978","South Sandip College","Day","Bangla","Humanities","Co-Edu","1.00","0.00","450"
"Chattogram","Sandwip","104979","Uttar Swandip College","Day","Bangla","Business Studies","Co-Edu","2.00","0.00","250"
"Chattogram","Sandwip","104979","Uttar Swandip College","Day","Bangla","Humanities","Co-Edu","2.00","0.00","300"
"Chattogram","Sandwip","104979","Uttar Swandip College","Day","Bangla","Science","Co-Edu","2.50","0.00","100"
"Chattogram","Satkania","105058","Al Helal Adarsha College","Day","Bangla","Business Studies","Co-Edu","1.50","0.00","200"
"Chattogram","Satkania","105058","Al Helal Adarsha College","Day","Bangla","Science","Co-Edu","3.00","0.00","75"
"Chattogram","Satkania","105058","Al Helal Adarsha College","Day","Bangla","Humanities","Co-Edu","1.00","0.00","450"
"Chattogram","Satkania","105020","Barodona S.M.M.Abdul Bari Girls High School  and College","Day","Bangla","Science","Female","2.50","2.00","50"
"Chattogram","Satkania","105020","Barodona S.M.M.Abdul Bari Girls High School  and College","Day","Bangla","Humanities","Female","2.00","2.00","150"
"Chattogram","Satkania","105020","Barodona S.M.M.Abdul Bari Girls High School  and College","Day","Bangla","Business Studies","Female","2.00","2.00","100"
"Chattogram","Satkania","136602","Chibbari M.A. Motaleb College","Day","Bangla","Science","Co-Edu","3.00","0.00","120"
"Chattogram","Satkania","136602","Chibbari M.A. Motaleb College","Day","Bangla","Business Studies","Co-Edu","3.00","0.00","150"
"Chattogram","Satkania","136602","Chibbari M.A. Motaleb College","Day","Bangla","Humanities","Co-Edu","3.00","0.00","200"
"Chattogram","Satkania","105060","Colonel (Rtd.) Oli Ahmed Bir Bikrom College","Day","Bangla","Business Studies","Co-Edu","2.00","0.00","250"
"Chattogram","Satkania","105060","Colonel (Rtd.) Oli Ahmed Bir Bikrom College","Day","Bangla","Humanities","Co-Edu","1.75","0.00","450"
"Chattogram","Satkania","105060","Colonel (Rtd.) Oli Ahmed Bir Bikrom College","Day","Bangla","Science","Co-Edu","2.00","0.00","70"
"Chattogram","Satkania","104992","MIRZAKHIL HIGH SCHOOL AND COLLEGE","Day","Bangla","Business Studies","Co-Edu","1.00","1.00","100"
"Chattogram","Satkania","104992","MIRZAKHIL HIGH SCHOOL AND COLLEGE","Day","Bangla","Humanities","Co-Edu","1.00","1.00","150"
"Chattogram","Satkania","105057","North Satkania Zafar Ahmad Chowdhury College","Day","Bangla","Business Studies","Co-Edu","1.00","0.00","400"
"Chattogram","Satkania","105057","North Satkania Zafar Ahmad Chowdhury College","Day","Bangla","Humanities","Co-Edu","1.00","0.00","500"
"Chattogram","Satkania","105057","North Satkania Zafar Ahmad Chowdhury College","Day","Bangla","Science","Co-Edu","2.00","0.00","50"
"Chattogram","Satkania","105059","Satkania Adarsha Mohila College","Day","Bangla","Science","Female","2.50","0.00","80"
"Chattogram","Satkania","105059","Satkania Adarsha Mohila College","Day","Bangla","Business Studies","Female","1.50","0.00","200"
"Chattogram","Satkania","105059","Satkania Adarsha Mohila College","Day","Bangla","Humanities","Female","1.00","0.00","650"
"Chattogram","Satkania","105061","Satkania Govt. College","Day","Bangla","Science","Co-Edu","4.00","0.00","300"
"Chattogram","Satkania","105061","Satkania Govt. College","Day","Bangla","Humanities","Co-Edu","3.00","0.00","500"
"Chattogram","Satkania","105061","Satkania Govt. College","Day","Bangla","Business Studies","Co-Edu","3.00","0.00","500"
"Chattogram","Sitakunda","105067","BARABKUND HIGH SCHOOL AND COLLEGE","Day","Bangla","Business Studies","Co-Edu","3.50","3.50","150"
"Chattogram","Sitakunda","105067","BARABKUND HIGH SCHOOL AND COLLEGE","Day","Bangla","Humanities","Co-Edu","3.50","3.50","150"
"Chattogram","Sitakunda","105067","BARABKUND HIGH SCHOOL AND COLLEGE","Day","Bangla","Science","Co-Edu","4.00","4.00","100"
"Chattogram","Sitakunda","105113","Bijoy Smarani College","Day","Bangla","Humanities","Co-Edu","2.00","0.00","350"
"Chattogram","Sitakunda","105113","Bijoy Smarani College","Day","Bangla","Science","Co-Edu","3.00","0.00","150"
"Chattogram","Sitakunda","105113","Bijoy Smarani College","Day","Bangla","Business Studies","Co-Edu","2.50","0.00","525"
"Chattogram","Sitakunda","138210","Choto Darogarhat Taher-Monjur College","Day","Bangla","Business Studies","Co-Edu","1.00","1.00","220"
"Chattogram","Sitakunda","138210","Choto Darogarhat Taher-Monjur College","Day","Bangla","Humanities","Co-Edu","1.00","1.00","300"
"Chattogram","Sitakunda","138210","Choto Darogarhat Taher-Monjur College","Day","Bangla","Science","Co-Edu","2.00","1.00","120"
"Chattogram","Sitakunda","105087","Kumira Residential Girls  School And College","Day","Bangla","Science","Female","2.00","0.00","100"
"Chattogram","Sitakunda","105087","Kumira Residential Girls  School And College","Day","Bangla","Business Studies","Female","1.00","1.00","120"
"Chattogram","Sitakunda","105087","Kumira Residential Girls  School And College","Day","Bangla","Humanities","Female","1.00","1.00","160"
"Chattogram","Sitakunda","105114","Latifa Siddiqi Degree College","Day","Bangla","Humanities","Co-Edu","1.00","0.00","350"
"Chattogram","Sitakunda","105114","Latifa Siddiqi Degree College","Day","Bangla","Science","Co-Edu","2.00","0.00","120"
"Chattogram","Sitakunda","105114","Latifa Siddiqi Degree College","Day","Bangla","Business Studies","Co-Edu","1.00","0.00","275"
"Chattogram","Sitakunda","105112","Sitakunda Degree College","Day","Bangla","Science","Co-Edu","3.00","0.00","150"
"Chattogram","Sitakunda","105112","Sitakunda Degree College","Day","Bangla","Humanities","Co-Edu","2.75","0.00","400"
"Chattogram","Sitakunda","105112","Sitakunda Degree College","Day","Bangla","Business Studies","Co-Edu","3.00","0.00","620"
"Chattogram","Sitakunda","135944","Sitakunda Mohila College","Day","Bangla","Science","Female","4.00","0.00","150"
"Chattogram","Sitakunda","135944","Sitakunda Mohila College","Day","Bangla","Humanities","Female","3.50","0.00","250"
"Chattogram","Sitakunda","135944","Sitakunda Mohila College","Day","Bangla","Business Studies","Female","3.50","0.00","250"
"Chattogram","Zorargonj","104659","Baraiahat College","Day","Bangla","Humanities","Co-Edu","1.50","0.00","350"
"Chattogram","Zorargonj","104659","Baraiahat College","Day","Bangla","Science","Co-Edu","3.00","0.00","100"
"Chattogram","Zorargonj","104659","Baraiahat College","Day","Bangla","Business Studies","Co-Edu","1.50","0.00","450"
"Chattogram","Zorargonj","104610","Mahajanhat Fazlur Rahman School And College","Day","Bangla","Humanities","Co-Edu","2.00","1.00","250"
"Chattogram","Zorargonj","104610","Mahajanhat Fazlur Rahman School And College","Day","Bangla","Science","Co-Edu","3.50","3.50","220"
"Chattogram","Zorargonj","104610","Mahajanhat Fazlur Rahman School And College","Day","Bangla","Business Studies","Co-Edu","2.50","1.00","380"
"Chattogram","Zorargonj","104658","Zorwargonj Mohila College","Day","Bangla","Science","Female","1.00","0.00","75"
"Chattogram","Zorargonj","104658","Zorwargonj Mohila College","Day","Bangla","Humanities","Female","1.00","0.00","250"
"Chattogram","Zorargonj","104658","Zorwargonj Mohila College","Day","Bangla","Business Studies","Female","1.00","0.00","250"
"Cox's Bazar","Chakaria","106232","Badarkhali College","Day","Bangla","Business Studies","Co-Edu","1.00","0.00","150"
"Cox's Bazar","Chakaria","106232","Badarkhali College","Day","Bangla","Science","Co-Edu","2.00","0.00","100"
"Cox's Bazar","Chakaria","106232","Badarkhali College","Day","Bangla","Humanities","Co-Edu","1.00","0.00","520"
"Cox's Bazar","Chakaria","135312","Chakaria Commerce College","Day","Bangla","Business Studies","Co-Edu","1.00","0.00","150"
"Cox's Bazar","Chakaria","106229","Chakoria City College","Day","Bangla","Business Studies","Co-Edu","2.50","0.00","150"
"Cox's Bazar","Chakaria","106229","Chakoria City College","Day","Bangla","Science","Co-Edu","2.50","0.00","50"
"Cox's Bazar","Chakaria","106229","Chakoria City College","Day","Bangla","Humanities","Co-Edu","2.50","0.00","450"
"Cox's Bazar","Chakaria","106230","Chakoria Govt.  College","Day","Bangla","Science","Co-Edu","3.00","0.00","150"
"Cox's Bazar","Chakaria","106230","Chakoria Govt.  College","Day","Bangla","Business Studies","Co-Edu","3.00","0.00","380"
"Cox's Bazar","Chakaria","106230","Chakoria Govt.  College","Day","Bangla","Humanities","Co-Edu","3.00","0.00","550"
"Cox's Bazar","Chakaria","132204","Chakoria Mohila College(Residenial)","Day","Bangla","Science","Female","2.50","0.00","120"
"Cox's Bazar","Chakaria","132204","Chakoria Mohila College(Residenial)","Day","Bangla","Business Studies","Female","2.00","0.00","300"
"Cox's Bazar","Chakaria","132204","Chakoria Mohila College(Residenial)","Day","Bangla","Humanities","Female","2.00","0.00","400"
"Cox's Bazar","Chakaria","106233","DULAHAZARA  COLLEGE","Day","Bangla","Science","Co-Edu","3.00","0.00","150"
"Cox's Bazar","Chakaria","106233","DULAHAZARA  COLLEGE","Day","Bangla","Business Studies","Co-Edu","2.50","0.00","320"
"Cox's Bazar","Chakaria","106233","DULAHAZARA  COLLEGE","Day","Bangla","Humanities","Co-Edu","2.50","0.00","580"
"Cox's Bazar","Cox's Bazar Sadar","135296","BIAM LABORATORY  SCHOOL AND COLLEGE COXS BAZAR","Day","Bangla","Humanities","Co-Edu","2.50","3.00","60"
"Cox's Bazar","Cox's Bazar Sadar","135296","BIAM LABORATORY  SCHOOL AND COLLEGE COXS BAZAR","Day","Bangla","Business Studies","Co-Edu","2.50","3.00","60"
"Cox's Bazar","Cox's Bazar Sadar","135296","BIAM LABORATORY  SCHOOL AND COLLEGE COXS BAZAR","Morning","English","Science","Co-Edu","3.00","3.00","60"
"Cox's Bazar","Cox's Bazar Sadar","135296","BIAM LABORATORY  SCHOOL AND COLLEGE COXS BAZAR","Morning","English","Business Studies","Co-Edu","3.00","2.50","60"
"Cox's Bazar","Cox's Bazar Sadar","135296","BIAM LABORATORY  SCHOOL AND COLLEGE COXS BAZAR","Day","Bangla","Science","Co-Edu","3.00","3.00","60"
"Cox's Bazar","Cox's Bazar Sadar","106315","COXS BAZAR CITY COLLEGE","Day","Bangla","Humanities","Co-Edu","2.00","0.00","675"
"Cox's Bazar","Cox's Bazar Sadar","106315","COXS BAZAR CITY COLLEGE","Day","Bangla","Business Studies","Co-Edu","2.00","0.00","520"
"Cox's Bazar","Cox's Bazar Sadar","106315","COXS BAZAR CITY COLLEGE","Day","Bangla","Science","Co-Edu","2.50","0.00","350"
"Cox's Bazar","Cox's Bazar Sadar","138979","COXS BAZAR DC COLLEGE","Day","Bangla","Science","Co-Edu","4.00","0.00","175"
"Cox's Bazar","Cox's Bazar Sadar","138979","COXS BAZAR DC COLLEGE","Day","Bangla","Business Studies","Co-Edu","3.25","0.00","150"
"Cox's Bazar","Cox's Bazar Sadar","106317","COXS BAZAR GOVT. COLLEGE","Day","Bangla","Science","Co-Edu","4.00","0.00","400"
"Cox's Bazar","Cox's Bazar Sadar","106317","COXS BAZAR GOVT. COLLEGE","Day","Bangla","Business Studies","Co-Edu","3.50","0.00","400"
"Cox's Bazar","Cox's Bazar Sadar","106317","COXS BAZAR GOVT. COLLEGE","Day","Bangla","Humanities","Co-Edu","3.00","0.00","400"
"Cox's Bazar","Cox's Bazar Sadar","134439","Coxs Bazar  Harvard International College","Day","Bangla","Science","Co-Edu","1.00","0.00","100"
"Cox's Bazar","Cox's Bazar Sadar","134439","Coxs Bazar  Harvard International College","Day","Bangla","Humanities","Co-Edu","1.00","0.00","200"
"Cox's Bazar","Cox's Bazar Sadar","134439","Coxs Bazar  Harvard International College","Day","Bangla","Business Studies","Co-Edu","1.00","0.00","150"
"Cox's Bazar","Cox's Bazar Sadar","132142","Coxs Bazar Commerce College","Day","Bangla","Business Studies","Co-Edu","1.00","0.00","300"
"Cox's Bazar","Cox's Bazar Sadar","132142","Coxs Bazar Commerce College","Day","Bangla","Humanities","Co-Edu","1.00","0.00","350"
"Cox's Bazar","Cox's Bazar Sadar","106316","Coxs Bazar Govt. Mahila College","Day","Bangla","Humanities","Female","3.00","0.00","400"
"Cox's Bazar","Cox's Bazar Sadar","106316","Coxs Bazar Govt. Mahila College","Day","Bangla","Science","Female","3.50","0.00","200"
"Cox's Bazar","Cox's Bazar Sadar","106316","Coxs Bazar Govt. Mahila College","Day","Bangla","Business Studies","Female","3.00","0.00","360"
"Cox's Bazar","Cox's Bazar Sadar","106314","EIDGAH RASHID AHMED COLLEGE","Day","Bangla","Science","Co-Edu","2.00","0.00","50"
"Cox's Bazar","Cox's Bazar Sadar","106314","EIDGAH RASHID AHMED COLLEGE","Day","Bangla","Humanities","Co-Edu","2.00","0.00","600"
"Cox's Bazar","Cox's Bazar Sadar","106314","EIDGAH RASHID AHMED COLLEGE","Day","Bangla","Business Studies","Co-Edu","2.00","0.00","300"
"Cox's Bazar","Cox's Bazar Sadar","139415","UTTARAN MODEL COLLEGE","Day","Bangla","Science","Co-Edu","2.00","0.00","150"
"Cox's Bazar","Cox's Bazar Sadar","139415","UTTARAN MODEL COLLEGE","Day","Bangla","Business Studies","Co-Edu","1.50","0.00","150"
"Cox's Bazar","Cox's Bazar Sadar","139415","UTTARAN MODEL COLLEGE","Day","Bangla","Humanities","Co-Edu","1.50","0.00","150"
"Cox's Bazar","Kutubdia","106319","DHURUNG IDEAL HIGH SCHOOL & COLLEGE","Day","Bangla","Humanities","Co-Edu","1.00","0.00","200"
"Cox's Bazar","Kutubdia","106319","DHURUNG IDEAL HIGH SCHOOL & COLLEGE","Day","Bangla","Business Studies","Co-Edu","1.00","0.00","100"
"Cox's Bazar","Kutubdia","106318","KUTUBDIA MODEL HIGH SCHOOL AND COLLEGE","Day","Bangla","Humanities","Co-Edu","2.00","2.00","150"
"Cox's Bazar","Kutubdia","106318","KUTUBDIA MODEL HIGH SCHOOL AND COLLEGE","Day","Bangla","Science","Co-Edu","3.00","2.50","75"
"Cox's Bazar","Kutubdia","106318","KUTUBDIA MODEL HIGH SCHOOL AND COLLEGE","Day","Bangla","Business Studies","Co-Edu","2.50","2.00","120"
"Cox's Bazar","Kutubdia","106334","Kutubdia Govt. College","Day","Bangla","Science","Co-Edu","2.00","0.00","75"
"Cox's Bazar","Kutubdia","106334","Kutubdia Govt. College","Day","Bangla","Humanities","Co-Edu","2.00","0.00","380"
"Cox's Bazar","Kutubdia","106334","Kutubdia Govt. College","Day","Bangla","Business Studies","Co-Edu","2.00","0.00","150"
"Cox's Bazar","Kutubdia","138101","Kutubdia Women College","Day","Bangla","Business Studies","Female","1.00","0.00","100"
"Cox's Bazar","Kutubdia","138101","Kutubdia Women College","Day","Bangla","Humanities","Female","1.00","0.00","220"
"Cox's Bazar","Maheshkhali","106374","GOVT. BANGABANDHU  MOHILA  COLLEGE MAHESKHALI","Day","Bangla","Science","Female","2.50","0.00","70"
"Cox's Bazar","Maheshkhali","106374","GOVT. BANGABANDHU  MOHILA  COLLEGE MAHESKHALI","Day","Bangla","Business Studies","Female","2.50","0.00","150"
"Cox's Bazar","Maheshkhali","106374","GOVT. BANGABANDHU  MOHILA  COLLEGE MAHESKHALI","Day","Bangla","Humanities","Female","2.50","0.00","450"
"Cox's Bazar","Maheshkhali","106373","HOANAK COLLEGE","Day","Bangla","Business Studies","Co-Edu","1.00","0.00","100"
"Cox's Bazar","Maheshkhali","106373","HOANAK COLLEGE","Day","Bangla","Humanities","Co-Edu","1.00","0.00","220"
"Cox's Bazar","Maheshkhali","106373","HOANAK COLLEGE","Day","Bangla","Science","Co-Edu","1.00","0.00","50"
"Cox's Bazar","Maheshkhali","106372","MAHESHKHALI COLLEGE","Day","Bangla","Science","Co-Edu","1.00","0.00","100"
"Cox's Bazar","Maheshkhali","106372","MAHESHKHALI COLLEGE","Day","Bangla","Business Studies","Co-Edu","1.00","0.00","250"
"Cox's Bazar","Maheshkhali","106372","MAHESHKHALI COLLEGE","Day","Bangla","Humanities","Co-Edu","1.00","0.00","650"
"Cox's Bazar","Pekua","106237","RAJAKHALI FAIZUN NESSA HIGH SCHOOL AND COLLEGE","Day","Bangla","Science","Co-Edu","2.00","2.00","50"
"Cox's Bazar","Pekua","106237","RAJAKHALI FAIZUN NESSA HIGH SCHOOL AND COLLEGE","Day","Bangla","Humanities","Co-Edu","1.00","1.00","150"
"Cox's Bazar","Pekua","106237","RAJAKHALI FAIZUN NESSA HIGH SCHOOL AND COLLEGE","Day","Bangla","Business Studies","Co-Edu","1.00","0.00","100"
"Cox's Bazar","Pekua","106255","Shahid Ziaur Rahman Upakulio College","Day","Bangla","Science","Co-Edu","1.00","0.00","100"
"Cox's Bazar","Pekua","106255","Shahid Ziaur Rahman Upakulio College","Day","Bangla","Humanities","Co-Edu","1.00","0.00","550"
"Cox's Bazar","Pekua","106255","Shahid Ziaur Rahman Upakulio College","Day","Bangla","Business Studies","Co-Edu","1.00","0.00","250"
"Cox's Bazar","Ramu","138420","RAMU CANTONMENT ENGLISH SCHOOL AND COLLEGE","Day","English","Business Studies","Co-Edu","3.00","3.00","50"
"Cox's Bazar","Ramu","138420","RAMU CANTONMENT ENGLISH SCHOOL AND COLLEGE","Day","English","Science","Co-Edu","3.00","3.00","60"
"Cox's Bazar","Ramu","106397","RAMU GOVT. COLLEGE","Day","Bangla","Humanities","Co-Edu","2.50","0.00","580"
"Cox's Bazar","Ramu","106397","RAMU GOVT. COLLEGE","Day","Bangla","Business Studies","Co-Edu","2.50","0.00","475"
"Cox's Bazar","Ramu","106397","RAMU GOVT. COLLEGE","Day","Bangla","Science","Co-Edu","3.50","0.00","275"
"Cox's Bazar","Ramu","138422","Ramu Cantonment Public School And College","Day","Bangla","Science","Co-Edu","4.00","4.00","90"
"Cox's Bazar","Ramu","138422","Ramu Cantonment Public School And College","Day","Bangla","Humanities","Co-Edu","3.50","3.50","60"
"Cox's Bazar","Ramu","138422","Ramu Cantonment Public School And College","Day","Bangla","Business Studies","Co-Edu","3.50","3.50","60"
"Cox's Bazar","Teknaf","137633","Moin Uddin Memorial College","Day","Bangla","Business Studies","Co-Edu","1.00","0.00","200"
"Cox's Bazar","Teknaf","137633","Moin Uddin Memorial College","Day","Bangla","Humanities","Co-Edu","1.00","0.00","500"
"Cox's Bazar","Teknaf","106406","Saint Martin BN Islamic School And College","Day","Bangla","Science","Co-Edu","1.00","0.00","50"
"Cox's Bazar","Teknaf","106406","Saint Martin BN Islamic School And College","Day","Bangla","Humanities","Co-Edu","1.00","0.00","50"
"Cox's Bazar","Teknaf","106406","Saint Martin BN Islamic School And College","Day","Bangla","Business Studies","Co-Edu","1.00","0.00","50"
"Cox's Bazar","Teknaf","106422","Teknaf Govt. College","Day","Bangla","Science","Co-Edu","2.00","0.00","100"
"Cox's Bazar","Teknaf","106422","Teknaf Govt. College","Day","Bangla","Humanities","Co-Edu","2.00","0.00","600"
"Cox's Bazar","Teknaf","106422","Teknaf Govt. College","Day","Bangla","Business Studies","Co-Edu","2.00","0.00","200"
"Cox's Bazar","Ukhia","106447","Bangamata Fazilatunessa Mujib Govt. Mohila College","Day","Bangla","Business Studies","Female","2.50","0.00","200"
"Cox's Bazar","Ukhia","106447","Bangamata Fazilatunessa Mujib Govt. Mohila College","Day","Bangla","Humanities","Female","3.00","0.00","550"
"Cox's Bazar","Ukhia","106447","Bangamata Fazilatunessa Mujib Govt. Mohila College","Day","Bangla","Science","Female","3.00","0.00","50"
"Cox's Bazar","Ukhia","106446","UKHIA COLLEGE","Day","Bangla","Humanities","Co-Edu","2.50","0.00","650"
"Cox's Bazar","Ukhia","106446","UKHIA COLLEGE","Day","Bangla","Science","Co-Edu","2.50","0.00","90"
"Cox's Bazar","Ukhia","106446","UKHIA COLLEGE","Day","Bangla","Business Studies","Co-Edu","2.50","0.00","200"
"Khagrachhari","Dighinala","138072","Babuchara College","Day","Bangla","Humanities","Co-Edu","1.00","0.00","280"
"Khagrachhari","Dighinala","138072","Babuchara College","Day","Bangla","Business Studies","Co-Edu","1.00","0.00","100"
"Khagrachhari","Dighinala","106767","Dighinala College","Day","Bangla","Science","Co-Edu","2.50","0.00","180"
"Khagrachhari","Dighinala","106767","Dighinala College","Day","Bangla","Humanities","Co-Edu","2.50","0.00","810"
"Khagrachhari","Dighinala","106767","Dighinala College","Day","Bangla","Business Studies","Co-Edu","2.50","0.00","200"
"Khagrachhari","Dighinala","138223","Kujendra Mallika Modern College","Day","Bangla","Business Studies","Co-Edu","1.00","0.00","100"
"Khagrachhari","Dighinala","138223","Kujendra Mallika Modern College","Day","Bangla","Humanities","Co-Edu","1.00","0.00","280"
"Khagrachhari","Dighinala","138223","Kujendra Mallika Modern College","Day","Bangla","Science","Co-Edu","1.00","0.00","80"
"Khagrachhari","Guimara","137821","Guimara  Govt. College","Day","Bangla","Science","Co-Edu","3.00","0.00","150"
"Khagrachhari","Guimara","137821","Guimara  Govt. College","Day","Bangla","Humanities","Co-Edu","2.50","0.00","350"
"Khagrachhari","Guimara","137821","Guimara  Govt. College","Day","Bangla","Business Studies","Co-Edu","2.50","0.00","250"
"Khagrachhari","Khagrachhari Sadar","139081","BHAIBONCHARA COLLEGE","Day","Bangla","Humanities","Co-Edu","1.00","0.00","120"
"Khagrachhari","Khagrachhari Sadar","139081","BHAIBONCHARA COLLEGE","Day","Bangla","Science","Co-Edu","2.00","0.00","100"
"Khagrachhari","Khagrachhari Sadar","139081","BHAIBONCHARA COLLEGE","Day","Bangla","Business Studies","Co-Edu","1.00","0.00","120"
"Khagrachhari","Khagrachhari Sadar","132070","Khagrachari Cantonment Public School And College","Day","Bangla","Business Studies","Co-Edu","2.75","2.75","120"
"Khagrachhari","Khagrachhari Sadar","132070","Khagrachari Cantonment Public School And College","Day","Bangla","Humanities","Co-Edu","2.75","2.75","120"
"Khagrachhari","Khagrachhari Sadar","132070","Khagrachari Cantonment Public School And College","Day","Bangla","Science","Co-Edu","3.75","3.75","120"
"Khagrachhari","Khagrachhari Sadar","106789","Khagrachari Govt. College","Day","Bangla","Business Studies","Co-Edu","3.00","0.00","350"
"Khagrachhari","Khagrachhari Sadar","106789","Khagrachari Govt. College","Day","Bangla","Science","Co-Edu","3.50","0.00","300"
"Khagrachhari","Khagrachhari Sadar","106789","Khagrachari Govt. College","Day","Bangla","Humanities","Co-Edu","3.00","0.00","540"
"Khagrachhari","Khagrachhari Sadar","106788","Khagrachari Govt. Mohila College","Day","Bangla","Humanities","Female","2.00","0.00","600"
"Khagrachhari","Khagrachhari Sadar","106788","Khagrachari Govt. Mohila College","Day","Bangla","Business Studies","Female","2.00","0.00","250"
"Khagrachhari","Khagrachhari Sadar","106788","Khagrachari Govt. Mohila College","Day","Bangla","Science","Female","2.50","0.00","150"
"Khagrachhari","Lakshmichhari","106795","Laxmichari College","Day","Bangla","Science","Co-Edu","1.00","0.00","100"
"Khagrachhari","Lakshmichhari","106795","Laxmichari College","Day","Bangla","Business Studies","Co-Edu","1.00","0.00","200"
"Khagrachhari","Lakshmichhari","106795","Laxmichari College","Day","Bangla","Humanities","Co-Edu","1.00","0.00","300"
"Khagrachhari","Mahalchhari","106802","Bouddha Shishughar School & College","Day","Bangla","Humanities","Co-Edu","1.00","0.00","100"
"Khagrachhari","Mahalchhari","106802","Bouddha Shishughar School & College","Day","Bangla","Business Studies","Co-Edu","1.00","0.00","100"
"Khagrachhari","Mahalchhari","139549","MAISCHARI  COLLEGE","Day","Bangla","Humanities","Co-Edu","1.00","0.00","80"
"Khagrachhari","Mahalchhari","139549","MAISCHARI  COLLEGE","Day","Bangla","Business Studies","Co-Edu","1.00","0.00","80"
"Khagrachhari","Mahalchhari","106807","Mahalchari College","Day","Bangla","Science","Co-Edu","2.50","0.00","100"
"Khagrachhari","Mahalchhari","106807","Mahalchari College","Day","Bangla","Humanities","Co-Edu","2.25","0.00","400"
"Khagrachhari","Mahalchhari","106807","Mahalchari College","Day","Bangla","Business Studies","Co-Edu","2.00","0.00","160"
"Khagrachhari","Manikchhari","139389","MANIKCHARI IDEAL COLLEGE","Day","Bangla","Business Studies","Co-Edu","1.00","0.00","100"
"Khagrachhari","Manikchhari","139389","MANIKCHARI IDEAL COLLEGE","Day","Bangla","Humanities","Co-Edu","1.00","0.00","150"
"Khagrachhari","Manikchhari","106817","Manikchari Girimaitri College","Day","Bangla","Science","Co-Edu","2.00","0.00","150"
"Khagrachhari","Manikchhari","106817","Manikchari Girimaitri College","Day","Bangla","Business Studies","Co-Edu","1.50","0.00","250"
"Khagrachhari","Manikchhari","106817","Manikchari Girimaitri College","Day","Bangla","Humanities","Co-Edu","1.50","0.00","550"
"Khagrachhari","Matiranga","134314","MATIRANGA MUNICIPAL MODEL HIGH SCHOOL AND COLLEGE","Day","Bangla","Science","Co-Edu","2.50","2.00","60"
"Khagrachhari","Matiranga","134314","MATIRANGA MUNICIPAL MODEL HIGH SCHOOL AND COLLEGE","Day","Bangla","Business Studies","Co-Edu","1.00","1.00","100"
"Khagrachhari","Matiranga","134314","MATIRANGA MUNICIPAL MODEL HIGH SCHOOL AND COLLEGE","Day","Bangla","Humanities","Co-Edu","1.00","1.00","150"
"Khagrachhari","Matiranga","106837","Matiranga College","Day","Bangla","Science","Co-Edu","2.00","0.00","100"
"Khagrachhari","Matiranga","106837","Matiranga College","Day","Bangla","Business Studies","Co-Edu","2.00","0.00","200"
"Khagrachhari","Matiranga","106837","Matiranga College","Day","Bangla","Humanities","Co-Edu","2.00","0.00","480"
"Khagrachhari","Matiranga","134345","Tabalchari Greenhill College","Day","Bangla","Humanities","Co-Edu","1.00","0.00","320"
"Khagrachhari","Matiranga","134345","Tabalchari Greenhill College","Day","Bangla","Business Studies","Co-Edu","1.00","0.00","200"
"Khagrachhari","Panchhari","138073","Chengi Saribala Smrity Mohabidyaloya","Day","Bangla","Business Studies","Co-Edu","1.00","0.00","150"
"Khagrachhari","Panchhari","138073","Chengi Saribala Smrity Mohabidyaloya","Day","Bangla","Humanities","Co-Edu","1.00","0.00","240"
"Khagrachhari","Panchhari","106846","Panchari College","Day","Bangla","Humanities","Co-Edu","2.00","0.00","575"
"Khagrachhari","Panchhari","106846","Panchari College","Day","Bangla","Science","Co-Edu","2.00","0.00","100"
"Khagrachhari","Panchhari","106846","Panchari College","Day","Bangla","Business Studies","Co-Edu","2.00","0.00","250"
"Khagrachhari","Ramgarh","106857","Ramgarh Govt. Degree College","Day","Bangla","Humanities","Co-Edu","2.00","0.00","480"
"Khagrachhari","Ramgarh","106857","Ramgarh Govt. Degree College","Day","Bangla","Science","Co-Edu","2.75","0.00","150"
"Khagrachhari","Ramgarh","106857","Ramgarh Govt. Degree College","Day","Bangla","Business Studies","Co-Edu","2.50","0.00","300"
"Rangamati","Baghai Chhari","107685","KACHALONG COLLEGE","Day","Bangla","Business Studies","Co-Edu","2.25","0.00","200"
"Rangamati","Baghai Chhari","107685","KACHALONG COLLEGE","Day","Bangla","Science","Co-Edu","3.00","0.00","100"
"Rangamati","Baghai Chhari","107685","KACHALONG COLLEGE","Day","Bangla","Humanities","Co-Edu","2.25","0.00","500"
"Rangamati","Baghai Chhari","107686","Shijak College","Day","Bangla","Humanities","Co-Edu","1.50","0.00","430"
"Rangamati","Baghai Chhari","107686","Shijak College","Day","Bangla","Business Studies","Co-Edu","2.00","0.00","150"
"Rangamati","Baghai Chhari","107686","Shijak College","Day","Bangla","Science","Co-Edu","2.00","0.00","100"
"Rangamati","Barkal","136556","Barkal Ragib Rabeya College","Day","Bangla","Business Studies","Co-Edu","1.00","0.00","150"
"Rangamati","Barkal","136556","Barkal Ragib Rabeya College","Day","Bangla","Humanities","Co-Edu","1.00","0.00","200"
"Rangamati","Jurai Chhari","139266","SHALAK COLLEGE","Day","Bangla","Business Studies","Co-Edu","1.50","0.00","100"
"Rangamati","Jurai Chhari","139266","SHALAK COLLEGE","Day","Bangla","Science","Co-Edu","2.50","0.00","50"
"Rangamati","Jurai Chhari","139266","SHALAK COLLEGE","Day","Bangla","Humanities","Co-Edu","1.50","0.00","150"
"Rangamati","Kaptai","107735","Bangladesh Noubahini School And College Kaptai","Day","Bangla","Science","Co-Edu","4.00","4.00","130"
"Rangamati","Kaptai","107735","Bangladesh Noubahini School And College Kaptai","Day","Bangla","Business Studies","Co-Edu","3.00","3.00","70"
"Rangamati","Kaptai","107735","Bangladesh Noubahini School And College Kaptai","Day","Bangla","Humanities","Co-Edu","3.00","3.00","50"
"Rangamati","Kaptai","107738","KARNAFULI COLLEGE","Day","Bangla","Business Studies","Co-Edu","2.50","0.00","250"
"Rangamati","Kaptai","107738","KARNAFULI COLLEGE","Day","Bangla","Science","Co-Edu","3.00","0.00","120"
"Rangamati","Kaptai","107738","KARNAFULI COLLEGE","Day","Bangla","Humanities","Co-Edu","2.25","0.00","525"
"Rangamati","Kawkhali (Betbunia)","107717","GHAGRA COLLEGE","Day","Bangla","Business Studies","Co-Edu","1.00","0.00","50"
"Rangamati","Kawkhali (Betbunia)","107717","GHAGRA COLLEGE","Day","Bangla","Humanities","Co-Edu","1.00","0.00","180"
"Rangamati","Kawkhali (Betbunia)","107717","GHAGRA COLLEGE","Day","Bangla","Science","Co-Edu","1.00","0.00","50"
"Rangamati","Kawkhali (Betbunia)","107716","Kawkhali College","Day","Bangla","Humanities","Co-Edu","1.00","0.00","280"
"Rangamati","Kawkhali (Betbunia)","107716","Kawkhali College","Day","Bangla","Business Studies","Co-Edu","1.00","0.00","150"
"Rangamati","Kawkhali (Betbunia)","107716","Kawkhali College","Day","Bangla","Science","Co-Edu","1.00","0.00","50"
"Rangamati","Kawkhali (Betbunia)","132144","SRIJONEE TRUST SCHOOL& COLLEGE","Day","Bangla","Science","Co-Edu","1.00","1.00","80"
"Rangamati","Kawkhali (Betbunia)","132144","SRIJONEE TRUST SCHOOL& COLLEGE","Day","Bangla","Business Studies","Co-Edu","1.00","1.00","100"
"Rangamati","Langadu","138027","Gulshakhali Border Guard Model College","Day","Bangla","Humanities","Co-Edu","1.00","0.00","150"
"Rangamati","Langadu","138027","Gulshakhali Border Guard Model College","Day","Bangla","Business Studies","Co-Edu","1.00","0.00","100"
"Rangamati","Langadu","107764","LANGADU MODEL COLLEGE","Day","Bangla","Humanities","Co-Edu","1.50","0.00","350"
"Rangamati","Langadu","107764","LANGADU MODEL COLLEGE","Day","Bangla","Business Studies","Co-Edu","2.00","0.00","180"
"Rangamati","Langadu","107764","LANGADU MODEL COLLEGE","Day","Bangla","Science","Co-Edu","2.50","0.00","100"
"Rangamati","Maniarchar","107781","NANIARCHAR COLLEGE","Day","Bangla","Science","Co-Edu","1.00","0.00","60"
"Rangamati","Maniarchar","107781","NANIARCHAR COLLEGE","Day","Bangla","Humanities","Co-Edu","1.00","0.00","240"
"Rangamati","Rajasthali","107788","Bangal Halia College","Day","Bangla","Science","Co-Edu","2.50","0.00","80"
"Rangamati","Rajasthali","107788","Bangal Halia College","Day","Bangla","Humanities","Co-Edu","1.50","0.00","250"
"Rangamati","Rajasthali","107788","Bangal Halia College","Day","Bangla","Business Studies","Co-Edu","2.00","0.00","150"
"Rangamati","Rajasthali","107789","RAJASTHALI COLLEGE","Day","Bangla","Business Studies","Co-Edu","2.00","0.00","150"
"Rangamati","Rajasthali","107789","RAJASTHALI COLLEGE","Day","Bangla","Science","Co-Edu","2.00","0.00","50"
"Rangamati","Rajasthali","107789","RAJASTHALI COLLEGE","Day","Bangla","Humanities","Co-Edu","1.00","0.00","200"
"Rangamati","Rangamati Sadar","107796","LAKERS PUBLIC SCHOOL & COLLEGE","Day","Bangla","Humanities","Co-Edu","2.75","2.75","85"
"Rangamati","Rangamati Sadar","107796","LAKERS PUBLIC SCHOOL & COLLEGE","Day","Bangla","Science","Co-Edu","3.75","3.75","85"
"Rangamati","Rangamati Sadar","107796","LAKERS PUBLIC SCHOOL & COLLEGE","Day","Bangla","Business Studies","Co-Edu","2.75","2.75","85"
"Rangamati","Rangamati Sadar","138484","MAWRUM COLLEGE","Day","Bangla","Humanities","Co-Edu","2.00","0.00","100"
"Rangamati","Rangamati Sadar","138484","MAWRUM COLLEGE","Day","Bangla","Science","Co-Edu","2.50","0.00","75"
"Rangamati","Rangamati Sadar","138484","MAWRUM COLLEGE","Day","Bangla","Business Studies","Co-Edu","2.00","0.00","100"
"Rangamati","Rangamati Sadar","107819","RANGAMATI GOVT. MOHILA COLLEGE","Day","Bangla","Humanities","Female","2.00","0.00","380"
"Rangamati","Rangamati Sadar","107819","RANGAMATI GOVT. MOHILA COLLEGE","Day","Bangla","Business Studies","Female","2.25","0.00","250"
"Rangamati","Rangamati Sadar","107819","RANGAMATI GOVT. MOHILA COLLEGE","Day","Bangla","Science","Female","2.50","0.00","100"
"Rangamati","Rangamati Sadar","136979","RANGAMATI PUBLIC COLLEGE","Day","Bangla","Business Studies","Co-Edu","2.25","0.00","150"
"Rangamati","Rangamati Sadar","136979","RANGAMATI PUBLIC COLLEGE","Day","Bangla","Humanities","Co-Edu","2.25","0.00","250"
"Rangamati","Rangamati Sadar","107818","Rangamati Govt. College","Day","Bangla","Business Studies","Co-Edu","3.75","0.00","360"
"Rangamati","Rangamati Sadar","107818","Rangamati Govt. College","Day","Bangla","Humanities","Co-Edu","3.25","0.00","420"
"Rangamati","Rangamati Sadar","107818","Rangamati Govt. College","Day","Bangla","Science","Co-Edu","4.00","0.00","330"
